4861,71.10532812178565,3429.7925253483186,2919,1,0,0,0,0
6076,79.3885780118499,2438.228657536669,3300,0,0,0,1,0
3568,93.53110986547085,225.4374885681333,771,0,0,1,0,0
2531,23.555116554721454,136.53191159844516,466,1,0,0,0,0
9663,62.621339128635,3543.096809881034,5756,0,0,0,0,1
4466,43.592252575011194,670.1027964687102,1913,0,0,1,0,0
1801,106.99056079955581,1346.281348210485,1125,0,0,0,0,1
8236,89.81216610004857,939.4851951010743,2971,0,0,0,1,0
5754,-45.97984011122697,3223.888064694197,3462,1,0,0,0,0
7736,37.39128748707342,1643.118299985505,4047,0,0,1,0,0
1230,-40.18130081300813,769.9099095063211,724,1,0,0,0,0
4649,79.77694127769412,649.805298649991,1876,0,0,1,0,0
7655,77.37922926192032,4986.734053302497,4733,0,0,0,0,1
3509,-13.957252778569393,1912.8892926352466,2047,0,0,0,1,0
1161,31.422049956933677,104.17004416445273,352,1,0,0,0,0
8869,46.54673582140038,2351.516181338511,5169,0,0,0,0,1
6437,79.97856144166538,4326.396769968258,3681,0,1,0,0,0
1361,111.98016164584864,895.8803503284369,864,1,0,0,0,0
5249,-10.249190321966088,2504.3281993110563,3181,0,0,0,1,0
9063,53.80624517268013,1281.0722901957286,3897,1,0,0,0,0
7145,88.78964310706787,1780.9944129016985,4204,0,0,0,1,0
5711,45.968131675713536,3514.6937705165415,3191,0,0,0,1,0
7922,7.978540772532189,4665.864384221911,4629,0,0,0,0,1
9249,62.6788842036977,1456.3286693741245,4110,0,0,0,1,0
2474,75.42562651576395,493.96666385712075,1327,1,0,0,0,0
5258,63.39691898060099,2235.4488656997396,3249,0,1,0,0,0
8142,49.91955293539671,5659.936542031764,4891,0,1,0,0,0
6749,104.47295895688251,3238.884933085248,3600,0,0,0,0,1
7076,50.58719615602035,4859.321482102383,4152,0,0,0,1,0
1469,9.98774676650783,53.497598474196295,189,0,0,0,0,1
8819,71.88422723664814,5863.810409283521,4941,0,0,1,0,0
3675,37.21687074829932,2415.1741206876136,2077,0,0,0,1,0
8295,115.82833031946956,1909.411221608858,4457,0,0,1,0,0
7581,77.25497955414853,1461.6997329263097,3796,1,0,0,0,0
7259,-86.29122468659595,3022.633713177613,4008,0,0,0,1,0
4260,-22.896713615023476,3450.5730161187234,2621,0,1,0,0,0
7038,-33.7564649048025,4035.252791534354,3885,0,1,0,0,0
6245,-47.48070456365092,3027.882470009319,3686,0,0,0,0,1
9219,-4.202516541924287,5665.000320761065,5338,0,0,1,0,0
3223,80.28948184920881,1980.6425256546727,1988,0,1,0,0,0
7074,62.31834888323438,268.674866039356,927,0,0,1,0,0
8782,81.07822819403324,364.3699517924238,1265,0,0,0,1,0
6099,112.62436464994262,4225.228392689769,3499,0,0,1,0,0
9106,17.887656490226224,927.8821107860991,2982,0,1,0,0,0
7429,38.74222641001481,3662.4645138438373,4072,0,0,0,1,0
3081,31.202856215514444,594.6593214656004,1548,0,1,0,0,0
2188,41.02193784277879,945.2648939906927,1303,0,0,0,1,0
3931,51.2831340625795,930.7412765121994,2277,0,0,1,0,0
7037,5.849083416228506,3777.0727851684596,4377,0,0,1,0,0
5973,101.12121212121212,1320.018452493839,3226,0,1,0,0,0
3945,46.15234474017744,2644.0277196670536,2464,0,0,1,0,0
7060,167.7573654390935,4443.643283126176,4121,0,0,0,1,0
6183,78.50881449134724,1093.4774559502612,2962,0,0,0,1,0
9042,107.0482194204822,4130.187411977786,5496,0,1,0,0,0
9556,22.328589367936374,940.8168951077988,3085,0,0,1,0,0
2048,49.619140625,1449.6288898965483,1218,0,0,0,0,1
4187,8.170050155242418,1305.4981751398952,2518,0,0,0,0,1
1501,74.42438374417056,798.6200693080757,940,0,0,1,0,0
5880,117.7812925170068,3762.3418367267914,3314,1,0,0,0,0
9786,17.11955855303495,3797.791561654109,5808,0,1,0,0,0
3792,68.03085443037975,1579.200865225649,2369,1,0,0,0,0
2335,14.273661670235546,394.86571166470833,1093,0,1,0,0,0
5133,106.1917007597896,1593.9413662890604,3156,0,1,0,0,0
3899,6.053603488073865,954.0667800657616,2082,0,0,1,0,0
8025,91.00174454828661,749.3626194631474,2436,0,0,0,0,1
7900,30.67835443037975,1127.8232298030432,3278,0,1,0,0,0
6624,85.86488526570048,2070.891871933536,3915,0,0,1,0,0
6185,40.92449474535166,929.3810770488948,2652,0,1,0,0,0
8831,53.16985618842713,4616.707310252855,5576,1,0,0,0,0
3719,99.28018284485077,1632.3249527255684,2002,0,1,0,0,0
6255,30.214068745003996,2818.7872834569143,3453,0,0,0,0,1
7376,173.82687093275487,3126.9837379557252,4023,0,0,0,1,0
5879,26.12400068038782,2435.1610019447726,3308,0,1,0,0,0
2748,79.39192139737992,442.5371467317764,1260,0,0,0,0,1
3119,27.220904135941005,264.9499912265141,883,0,0,0,1,0
7351,41.54931301863692,1740.8720987614884,4234,0,0,1,0,0
7262,68.36615257504819,2197.8964084005597,4047,0,1,0,0,0
1497,87.46760187040748,102.62406402086921,345,0,0,1,0,0
6627,26.397012222725216,674.4057322298871,2196,0,0,0,0,1
6562,0.9431575739103931,3271.093554413378,3553,0,1,0,0,0
1912,26.41213389121339,709.499634826753,1076,1,0,0,0,0
8033,138.64620938628158,6725.567173804177,5003,0,0,1,0,0
6163,147.59419114067825,4377.1436919038415,3900,0,0,0,1,0
2747,31.894066254095378,1327.1260197187446,1506,1,0,0,0,0
1207,35.87821043910522,461.0670534230614,725,0,0,0,1,0
7039,46.46682767438556,5226.164993146317,4275,1,0,0,0,0
7324,5.452484980884763,1200.0572889602233,3371,0,1,0,0,0
5704,66.69880785413744,648.307575058291,2061,0,0,1,0,0
1501,10.942038640906063,564.1939578639434,873,1,0,0,0,0
9983,-20.67464689972954,5070.896508340751,5444,0,0,0,0,1
4042,28.48119742701633,2916.110355662238,2336,0,1,0,0,0
7711,-9.747244196602256,2858.718491041131,4109,1,0,0,0,0
4360,33.59518348623853,776.4388381453307,2073,0,0,0,0,1
6614,15.534774720290294,1248.0806014469445,3320,1,0,0,0,0
2128,77.29135338345864,618.4029916147058,1305,0,1,0,0,0
3898,125.34966649563879,1541.432887591388,2397,0,0,1,0,0
2381,1.8013439731205376,1409.4017092693734,1405,1,0,0,0,0
1015,-1.5399014778325124,525.2710547138377,561,0,0,0,1,0
2304,117.95225694444444,1533.5179164188285,1373,0,1,0,0,0
2121,106.36492220650636,350.8216566454162,973,0,1,0,0,0
1830,63.68524590163934,1248.8180708789816,1114,0,0,1,0,0
5437,65.80871804303844,2728.8180002205218,3292,0,0,0,0,1
8563,43.027910778932615,1995.848216257703,4613,0,0,0,0,1
9526,80.55742179298761,2637.860496533065,5131,0,1,0,0,0
2437,87.27082478457119,1645.1474980121668,1387,0,1,0,0,0
9327,47.28326364318645,5137.125418991953,5042,0,0,0,1,0
1547,57.62249515190692,169.31605742702038,534,0,1,0,0,0
7991,106.75822800650732,1479.7345694608975,3997,0,1,0,0,0
6301,75.53007459133471,4303.012701183523,3794,0,0,0,1,0
2975,17.779159663865546,540.4813322930562,1459,0,0,0,0,1
9528,5.500734676742233,2465.155228582374,5097,0,0,1,0,0
2391,62.42785445420326,359.56161403708796,1031,0,0,1,0,0
9563,137.9231412736589,3054.758970136411,5954,0,0,0,0,1
5926,12.867532905838678,456.47148968280425,1527,0,0,0,0,1
3448,86.31728538283063,749.1350923357983,1864,0,1,0,0,0
2305,97.37223427331887,1512.530833177127,1300,0,0,0,0,1
7848,23.057976554536186,1823.2046201620396,4311,0,0,0,0,1
2240,138.4375,1537.7646220084832,1326,0,0,0,0,1
4496,8.755782918149466,873.7569194724517,2238,0,0,0,1,0
5747,150.92761440751696,2666.2122390811137,3547,0,0,1,0,0
1169,29.484174508126603,561.4866676768111,645,1,0,0,0,0
8297,5.735808123418103,2751.156215788222,4596,1,0,0,0,0
5127,53.28886288277745,4277.3279756767015,3174,0,0,0,1,0
4338,66.37021668971876,1604.6169010487818,2684,0,1,0,0,0
8984,46.545859305431875,2326.7346167904134,4807,1,0,0,0,0
5401,38.68042955008332,1197.6972793230648,3006,0,0,1,0,0
9559,124.15284025525682,3276.7199994788803,5374,0,0,0,1,0
2729,25.728471967753755,1785.4162612724306,1597,0,0,0,1,0
7334,1.773929642759749,4277.092804059451,4413,0,0,0,0,1
2725,9.295412844036697,474.57429816033107,1251,0,0,1,0,0
5389,57.95008350343292,3340.7801916104836,3288,0,0,1,0,0
8290,53.31845597104946,3965.260245206697,4791,0,0,1,0,0
3071,20.586453923803322,1332.2388333003933,1760,0,1,0,0,0
8422,15.437188316314415,6551.417651228647,5265,1,0,0,0,0
7452,18.06924315619968,4630.87680885847,4139,0,0,0,1,0
3987,36.17958364685227,1363.5846099774562,2380,0,1,0,0,0
3066,56.73809523809524,239.97977782988008,818,0,1,0,0,0
1373,62.76693372177713,523.1915082208702,759,1,0,0,0,0
6121,15.868322169580134,1120.3688241898635,3000,0,0,0,1,0
8403,72.99654885160062,757.1713016031636,2509,0,0,1,0,0
3054,81.77635887360839,264.12492222924243,881,1,0,0,0,0
7299,49.88957391423482,1795.9799342519748,3947,0,0,1,0,0
1439,57.99027102154274,158.54538103761638,499,0,0,1,0,0
4381,96.91143574526365,1100.6153537721202,2484,0,1,0,0,0
4034,73.91769955379276,1058.1052921567386,2491,0,0,1,0,0
1584,64.58143939393939,594.589689341024,862,0,0,0,1,0
1910,15.603664921465969,488.4111900463426,1093,1,0,0,0,0
5974,3.7822229661868096,421.67467823012,1420,0,0,1,0,0
4819,106.64619215604897,681.579254750199,2018,0,0,0,1,0
6189,18.364356115689127,3032.000899527993,3667,1,0,0,0,0
7493,17.839450153476577,3136.7851126008395,4304,0,0,1,0,0
8191,64.80332071786107,3117.597317499495,5050,0,0,1,0,0
3487,38.63636363636363,1439.6052334756166,2033,0,0,0,0,1
6450,112.48821705426357,1864.8024465314938,3898,0,1,0,0,0
9430,106.20795334040297,6040.191481353117,5764,0,0,0,1,0
7967,33.2448851512489,2639.087897930319,4666,0,0,1,0,0
8913,24.197464377875015,1714.4026179443756,4552,1,0,0,0,0
7983,89.20192909933608,1537.2899761631706,4083,0,1,0,0,0
1586,50.584489281210594,307.35477319676113,813,0,1,0,0,0
6699,117.15659053590088,2813.433795376,4267,1,0,0,0,0
1994,67.49297893681043,742.4619299014,1094,0,0,1,0,0
2322,25.386304909560724,153.94065279903484,530,0,1,0,0,0
4765,101.97922350472193,1580.463611830291,2941,0,0,1,0,0
1505,73.35083056478405,749.4196189652415,849,0,0,0,0,1
2348,78.28407155025553,1067.962451551297,1312,0,1,0,0,0
6349,4.695070089777918,1560.5612283917499,3713,0,0,0,1,0
2178,106.4880624426079,1254.7987480702586,1240,0,0,0,1,0
2176,46.95174632352941,775.6089720618929,1292,0,1,0,0,0
1102,65.56987295825772,100.82145419471331,334,0,0,0,1,0
6801,157.07469489780914,3282.55412670889,4140,0,1,0,0,0
1753,74.8277239018825,134.11960497428723,458,0,0,0,0,1
9421,11.059866256236068,1488.4061225742555,4228,0,0,1,0,0
6588,66.56344869459623,2962.9471664413823,3825,0,0,0,0,1
8167,69.97024611240357,2465.3759414839806,4881,0,0,0,0,1
7757,110.37540286193116,5049.797245361787,4747,0,0,0,0,1
4364,43.43950504124656,3033.197090011404,2620,0,0,0,0,1
2751,24.358415121773902,829.9307724723667,1545,0,0,1,0,0
7133,91.49838777512969,4832.257059865112,4158,0,0,1,0,0
8808,43.59264305177112,2678.2924498479006,4986,0,1,0,0,0
2459,-1.727531516876779,679.3992853671153,1466,0,0,0,0,1
4214,29.767916468913146,210.06018360505746,723,0,0,1,0,0
6266,57.824768592403444,3753.95509254347,3798,0,0,1,0,0
5188,44.0807632999229,1215.9883779796928,2890,0,0,0,1,0
4303,106.71856844062282,3038.0775547956932,2545,0,1,0,0,0
8531,141.5197514945493,3820.225546765361,4649,0,1,0,0,0
4870,110.58932238193019,2793.894711263698,3052,0,0,1,0,0
3651,29.120514927417148,1273.3912467567632,2268,0,0,0,0,1
5802,59.431920027576695,996.1723688294294,2718,0,0,1,0,0
3199,67.1544232572679,905.5228913143233,1788,0,0,0,0,1
1674,64.668458781362,906.7140487416955,896,0,0,0,1,0
5279,135.5171433983709,2961.3072534613857,3096,0,0,0,0,1
1496,85.62032085561498,442.70559013139524,828,0,0,1,0,0
4511,71.33119042340944,764.2240579949931,2110,1,0,0,0,0
6122,5.318360013067625,2534.1227517545144,3329,0,0,0,0,1
7321,74.4532167736648,2719.9217933565774,4246,1,0,0,0,0
1979,103.25416877210712,1013.3484897976575,1184,0,0,0,1,0
4351,28.142495977936107,1856.009906513359,2574,0,1,0,0,0
3739,26.055629847552822,2027.3047431613618,2293,0,0,1,0,0
4348,68.55266789328427,563.5777049908908,1724,1,0,0,0,0
3244,49.017879161528974,341.1115619668477,1080,0,0,0,0,1
2748,40.675036390101894,1867.9927734735625,1700,0,0,0,1,0
1710,100.70116959064327,554.9052794666119,947,1,0,0,0,0
7226,86.30085801273181,836.1535788079026,2649,0,0,1,0,0
6839,71.93712531071795,1728.7870152451144,3974,1,0,0,0,0
5594,73.42045048265999,1170.299543250883,3027,0,0,0,1,0
3090,31.857605177993527,150.35352013908104,519,0,0,0,0,1
2270,82.16916299559472,405.4857537497626,1099,0,0,0,1,0
2791,91.65245431744894,2107.629625281254,1754,1,0,0,0,0
6409,46.69886097675144,2663.673820965522,4028,0,0,0,1,0
1968,69.47764227642277,1563.321038110637,1240,0,0,1,0,0
7377,76.221770367358,2469.8811830357704,4068,1,0,0,0,0
9854,78.23371219809215,2667.117348059807,5803,0,0,1,0,0
3317,29.26469701537534,365.2568964726996,1172,0,1,0,0,0
4403,45.46763570292982,3287.977681177096,2685,0,1,0,0,0
3271,54.46010394374809,2257.09383942776,2015,0,0,0,1,0
9023,71.02948021722266,704.9949588977076,2398,1,0,0,0,0
4246,75.88530381535563,2191.5150014732453,2494,0,0,0,0,1
6836,87.16617905207724,856.3422528470757,2641,0,1,0,0,0
7867,-30.935680691496124,3016.180030652098,4884,1,0,0,0,0
7437,93.80032271077047,2215.775070769491,4388,0,0,1,0,0
8622,23.389816747854326,3407.05648357313,4621,0,0,1,0,0
5590,-27.076923076923077,3470.016796186739,3394,0,0,1,0,0
3669,41.414554374488965,277.7761698962369,947,1,0,0,0,0
1598,93.87797246558198,130.06946542208985,440,0,0,0,1,0
3448,25.31554524361949,1382.423436232086,1937,0,0,1,0,0
3499,77.07373535295798,474.6477453132737,1436,1,0,0,0,0
6383,42.527181576061416,1257.0182775860867,3218,0,0,1,0,0
3251,27.036604121808676,295.78797402013106,982,0,0,0,1,0
4311,0.9195082347483182,1299.8298103423544,2685,1,0,0,0,0
6854,140.51561132185586,4019.8446816923047,4210,0,0,1,0,0
8330,29.92545018007203,268.40527640400074,932,0,0,1,0,0
9910,96.44591321897073,1890.1869828464185,5029,0,1,0,0,0
9712,94.45644563426688,4834.3740288885365,5805,1,0,0,0,0
5723,2.119343001922069,3348.5807536981797,3090,0,0,0,0,1
9481,88.49520092817214,5342.3680359776245,5310,1,0,0,0,0
2110,35.334123222748815,1203.3893192830471,1143,0,0,0,1,0
6243,65.00720807304181,1276.2798316442218,3234,0,1,0,0,0
5455,111.33895508707607,1943.16917771256,3282,0,0,1,0,0
9807,116.94055266646274,2816.392387503145,6190,0,0,1,0,0
3334,16.043491301739653,1507.2621481253666,1794,0,0,1,0,0
8159,120.08420149528128,4551.624205230975,4878,0,0,0,1,0
3718,-27.751210328133403,2148.7582797828445,2132,0,0,0,0,1
6513,9.623675725472133,1849.8048404051287,3522,0,1,0,0,0
5534,12.140404770509576,685.6769970816999,2097,0,0,1,0,0
2251,109.60062194580186,1134.032945482173,1343,0,0,0,0,1
2160,43.731944444444444,292.83273081882726,889,0,0,0,1,0
1391,11.15528396836808,264.94304755210885,688,1,0,0,0,0
1672,61.98086124401914,848.1661865557263,913,0,0,0,1,0
4352,103.34329044117646,708.5150759512477,1942,0,1,0,0,0
4356,11.192148760330578,1393.7242678342484,2643,0,1,0,0,0
1285,18.02645914396887,643.4245217997377,715,0,0,1,0,0
3463,52.37684088940225,1232.502930011546,1992,0,0,1,0,0
2357,55.957997454391176,499.912932105965,1260,0,0,0,1,0
8700,58.34988505747126,5727.939621091323,5163,0,0,0,1,0
8567,99.3823975720789,426.1501068125038,1480,0,0,0,1,0
1933,87.54992240041386,781.6824964870791,1107,0,0,0,1,0
6447,53.406855901969905,4125.7573339558385,4041,0,0,1,0,0
5140,40.916731517509724,1254.438908038256,2922,0,0,1,0,0
3969,21.105316200554295,1377.0176015306147,2330,0,0,0,0,1
4030,19.081141439205954,2717.9151655749342,2463,0,0,1,0,0
1294,6.523183925811438,637.31457151374,776,0,0,1,0,0
1181,52.480101608806095,287.8371899365576,689,0,0,0,1,0
5850,95.08,4626.3375737639935,3582,0,1,0,0,0
4849,82.40152608785317,1094.3368171362067,2739,0,0,1,0,0
4472,5.008273703041145,480.55297714228294,1511,0,0,0,1,0
1587,34.52551984877127,104.30246512985764,357,0,0,0,0,1
5439,80.08898694612981,1179.2394499249494,2936,0,0,0,0,1
8779,71.68595512017313,3488.326767029955,5117,0,0,0,0,1
6575,27.4319391634981,1221.589625435762,3210,0,0,0,1,0
7499,30.52300306707561,1394.699347914718,3684,0,0,1,0,0
7090,85.71015514809591,3223.498877444663,4309,0,0,0,0,1
2375,-4.986947368421053,1298.764504498571,1477,0,1,0,0,0
7498,96.13563616964524,283.18258369455594,987,0,0,1,0,0
9272,3.511755823986195,6174.329947706106,5809,0,1,0,0,0
3278,49.35936546674802,1765.1489894776994,1878,0,0,0,0,1
9764,40.21169602621876,2754.8373864440955,5904,0,0,0,0,1
3023,103.14621237181608,1904.2241704930527,1657,0,0,1,0,0
5324,24.626596543951916,3014.970004189037,3098,0,1,0,0,0
1106,71.44122965641952,861.9469061196247,702,0,0,0,0,1
8035,105.08164281269447,5316.939088727168,4620,1,0,0,0,0
1267,59.943962115232836,390.1185934892594,764,1,0,0,0,0
4055,140.0905055487053,2102.602024032007,2246,1,0,0,0,0
8425,-34.97519287833828,4698.64616882353,4604,0,0,1,0,0
6330,37.17661927330174,3386.738132336258,3953,0,0,0,1,0
7433,90.80277142472757,5334.71761182947,4677,1,0,0,0,0
9053,22.330940019882913,1682.3581963738238,4510,0,0,0,1,0
3965,66.55283732660781,734.0148433168623,1942,0,1,0,0,0
1124,80.31227758007117,60.05173770653265,206,0,0,0,0,1
6714,38.45472147750968,1416.1827776198056,3533,0,0,0,0,1
8456,62.25922421948912,945.470226460134,2992,0,1,0,0,0
6041,74.79556364840258,973.3028225889974,2738,0,0,0,0,1
7408,76.71503779697625,2097.903212873225,4135,0,0,0,0,1
9366,13.420029895366218,4985.201892114955,5856,0,1,0,0,0
5746,54.060041768186565,1142.029005135339,2915,0,0,0,1,0
7027,156.59328305108866,3462.1492310116623,3895,0,0,1,0,0
4982,26.19028502609394,3737.40349181356,3034,0,0,0,1,0
9630,30.68078920041537,3433.258788150383,6043,0,0,1,0,0
6551,13.93726148679591,2189.722907521774,3971,0,1,0,0,0
9679,94.88108275648311,5177.844746597803,5728,0,1,0,0,0
9782,51.52882846043754,2432.045470053621,5432,0,0,1,0,0
7054,89.04834136660051,4478.935296496965,4242,0,1,0,0,0
9488,97.23608768971332,5487.260913474275,5126,0,0,0,0,1
7564,63.5897673188789,3201.4225115266117,4248,1,0,0,0,0
1447,56.557014512785074,74.52882192861246,255,1,0,0,0,0
1622,101.67879161528977,1016.5357510683132,943,0,0,0,0,1
4066,94.90703393999016,1223.4614594096556,2184,0,0,0,0,1
1307,41.03596021423106,95.42370903641402,327,1,0,0,0,0
4976,18.486736334405144,2107.8770942057913,2894,0,0,1,0,0
9654,-29.98529107105863,6562.00813740038,5588,0,0,1,0,0
5460,35.876556776556775,1864.5585663633988,3116,0,0,0,1,0
8356,95.06031594064146,5123.203791195296,4969,0,0,1,0,0
6200,63.229354838709675,3617.5421062234486,3853,0,0,0,0,1
1681,45.58953004164188,1054.590980473008,944,1,0,0,0,0
2528,40.97112341772152,1169.03740541435,1504,0,1,0,0,0
8585,94.46616191030868,5259.691934354348,5065,0,0,1,0,0
1582,34.2402022756005,669.4955167740035,879,0,1,0,0,0
5058,95.66666666666667,921.1581654402333,2442,0,0,0,1,0
1102,75.33030852994555,117.34652396108173,377,0,0,0,0,1
3401,58.812996177594826,470.5354101488334,1396,1,0,0,0,0
3416,82.65837236533957,1317.951032689343,1934,0,0,1,0,0
5027,82.45434652874478,3414.75439898471,3019,0,0,0,0,1
3349,54.46670647954613,1013.9907230763272,1825,0,1,0,0,0
8793,191.45308768338452,5241.861382898529,5103,0,1,0,0,0
2681,3.802685565087654,1459.6037199371128,1673,0,0,1,0,0
5920,68.5660472972973,4917.12523005772,3689,1,0,0,0,0
5663,37.987815645417626,597.3241781374816,1937,1,0,0,0,0
6278,48.46368270149729,2187.404573014163,3950,0,0,1,0,0
4531,91.23350253807106,1763.7993074952699,2797,1,0,0,0,0
1178,104.65959252971138,516.4079773428481,731,0,0,0,1,0
1168,19.960616438356166,233.62145243529363,605,1,0,0,0,0
9420,67.98312101910828,5544.7590918887,5078,1,0,0,0,0
3900,80.47179487179487,1923.1993946984733,2214,0,0,0,1,0
3739,48.64482481947044,2380.9893215479397,2298,0,0,0,0,1
6453,30.81094064776073,1358.5256741546327,3522,0,0,0,0,1
6722,86.81553109193692,314.88137191368384,1091,0,0,0,1,0
6443,67.80909514201458,1935.0248602716101,3503,1,0,0,0,0
3789,28.004750593824227,1492.6040375319972,2321,0,0,0,1,0
7925,-27.030283911671923,1842.0983002343871,4410,0,0,0,1,0
9454,175.6398349904802,5825.132068282209,5955,0,1,0,0,0
7961,54.35799522673031,1226.2108531423032,3503,1,0,0,0,0
6108,23.558611656843485,2298.314442945903,3444,0,1,0,0,0
5331,77.87038079159632,2814.3403509923282,3071,0,0,1,0,0
3455,48.57134587554269,2532.91790597848,2090,1,0,0,0,0
2119,25.72251061821614,265.7296923368736,817,1,0,0,0,0
9778,37.428512988341176,5522.826216672715,5375,0,1,0,0,0
7035,99.29026297085998,3075.4503533773,4144,0,0,0,0,1
6609,152.4272961113633,3404.6879373699453,3617,0,0,1,0,0
5496,49.773471615720524,3255.496264995491,3199,0,0,0,0,1
3842,-0.6983342009370119,2125.7177820331626,2118,0,0,1,0,0
1079,59.0982391102873,233.26495848885756,586,0,1,0,0,0
8701,50.60924031720492,1640.5593474376042,4389,1,0,0,0,0
5355,17.06237161531279,279.1150444910285,958,0,1,0,0,0
1840,55.43423913043478,588.9492292112722,1081,0,0,1,0,0
6703,67.95763091153215,1433.5166233041907,3557,0,0,0,0,1
4086,53.554576603034754,2705.0073016608526,2345,0,1,0,0,0
2440,78.89098360655737,1524.7601742356396,1427,0,1,0,0,0
6495,72.88868360277137,509.6011440556472,1719,1,0,0,0,0
1616,71.23329207920793,431.05612376717494,951,0,0,1,0,0
1430,93.3020979020979,89.87612879439867,309,1,0,0,0,0
1731,17.432697862507222,285.4500039280423,791,0,0,0,1,0
8463,88.3041474654378,2847.9830359692155,4885,1,0,0,0,0
5460,97.89505494505495,3649.4339610487723,3316,0,1,0,0,0
4980,76.32630522088354,447.60163476531403,1464,1,0,0,0,0
2650,22.35056603773585,509.69244197392214,1332,0,0,0,1,0
1677,47.03160405485987,246.34731861011883,715,0,0,1,0,0
6113,30.120235563553084,1268.860287046214,3148,0,0,1,0,0
8036,73.72262319561972,1842.7340609549638,4371,0,0,0,1,0
2007,26.446935724962632,698.1189360547768,1214,1,0,0,0,0
9333,61.19650701810779,1248.1063569077146,3792,0,0,0,1,0
3754,-9.214970697922217,1583.96796310078,2036,1,0,0,0,0
4974,-50.9346602332127,3470.7540322566115,3079,1,0,0,0,0
8981,-19.800801692461864,2328.4971352044668,5276,0,0,1,0,0
9234,122.37795105046567,3579.616942638797,5179,0,0,0,1,0
6602,57.41335958800364,592.4303354438285,1970,0,1,0,0,0
7607,89.20730905744709,4159.914782481965,4199,0,1,0,0,0
5446,58.63918472273228,2028.6728962043076,3261,0,0,0,1,0
4223,29.266871892019893,1465.2295258420545,2557,0,0,0,0,1
8258,60.39731169774764,1189.532589395004,3455,0,0,0,0,1
7063,-32.71909953277644,5188.256561196247,4355,0,0,0,1,0
7272,99.57975797579758,2277.130324573192,4618,1,0,0,0,0
9780,86.13548057259713,2355.5312451721875,5572,0,0,1,0,0
4838,17.437784208350557,1112.4768290059083,2656,0,0,1,0,0
7767,13.41611947985065,1196.865552991614,3405,1,0,0,0,0
6387,91.47894160012525,3450.859902318919,3432,0,1,0,0,0
4006,19.258362456315528,1942.2731769136074,2357,1,0,0,0,0
6667,89.98935053247338,247.5471717803909,864,0,1,0,0,0
9967,20.97511788903381,800.0965829019827,2692,0,0,0,0,1
9166,31.601680122190704,2525.5586282568484,5129,1,0,0,0,0
9901,31.564185435814565,1260.358993658427,3844,0,0,0,1,0
8705,204.22159678345778,4698.5004375904755,4911,0,1,0,0,0
8565,109.87367192060712,4474.009950499037,4672,0,0,0,1,0
3508,93.79931584948689,404.4734096171604,1297,0,0,0,1,0
8060,18.320223325062035,4513.019180645743,4990,0,0,0,0,1
9827,47.96692785183678,614.6317809366279,2123,0,1,0,0,0
1934,53.135470527404344,902.1219150368896,1179,0,0,0,1,0
7621,35.40493373573022,6097.847366465261,4786,1,0,0,0,0
8592,36.908170391061454,5000.322332377252,4680,0,0,1,0,0
3046,-92.29973736047275,1607.8422649509203,1801,0,0,0,0,1
2425,37.449072164948454,445.57079156173774,1178,0,1,0,0,0
2046,82.26490713587488,1090.6456494924282,1232,1,0,0,0,0
1873,10.240790176187934,787.548426770112,1096,0,0,0,0,1
2922,35.76728268309377,101.67707628212706,357,0,0,0,0,1
4106,93.94982951777887,2883.6864359197366,2416,0,0,0,0,1
9105,51.933003844041735,3024.728410428189,5413,0,0,0,1,0
3458,-9.960381723539617,1171.7412793238839,1992,1,0,0,0,0
1326,57.30542986425339,185.77565838815175,549,1,0,0,0,0
8051,79.87430132902745,2185.0307679325574,4938,0,0,0,1,0
8530,54.16213364595545,1161.7318435386944,3407,0,0,1,0,0
4728,113.01988155668359,1835.8288620829662,2698,0,1,0,0,0
4234,133.5384978743505,2602.826520923346,2296,0,0,0,0,1
8880,61.74481981981982,2439.787709246315,4823,0,0,1,0,0
8293,134.4367538888219,5755.755929316997,4888,1,0,0,0,0
8232,-25.20675413022352,5492.855982370574,4713,0,0,0,1,0
4283,81.59794536539809,2103.6233164687355,2411,0,0,0,1,0
5742,63.6551724137931,224.8699501246585,781,0,0,0,1,0
7927,1.1633657121231236,1432.842508450645,3849,0,0,1,0,0
2068,12.790618955512572,928.6003215718849,1301,0,0,0,0,1
8639,-20.279661997916424,6255.522419148283,5377,0,0,0,0,1
8823,-1.1160602969511504,5463.086625554536,5425,0,1,0,0,0
8754,79.65946995659127,3758.4990019632482,5417,1,0,0,0,0
6968,98.33711251435132,3162.8022977169403,4334,0,0,0,1,0
8652,80.16990291262135,2158.923308255664,4976,0,0,1,0,0
4243,118.09215177940136,1149.937746726069,2345,0,0,0,0,1
8420,84.96627078384797,3345.3355635259604,4861,0,1,0,0,0
5051,17.271233419124925,3137.396706179219,3072,0,0,0,0,1
8803,93.89105986595479,432.6647642191329,1503,1,0,0,0,0
6895,17.18781725888325,5393.061059989669,4179,1,0,0,0,0
4199,22.408668730650156,978.325826548715,2343,0,0,0,1,0
2338,9.151411462788708,1179.1103898908186,1402,0,0,0,1,0
3625,95.26427586206897,863.5249963155189,2024,0,0,1,0,0
2713,28.647622558053815,626.1588972949999,1530,0,1,0,0,0
9221,56.4933304413838,1398.5652617337776,3954,1,0,0,0,0
5524,66.21234612599565,3058.4356037835073,3221,0,0,0,0,1
9307,30.208015472225206,1319.58050674983,3857,0,0,0,0,1
1203,110.58021612635079,383.4068146809084,666,0,1,0,0,0
1277,20.595144870790918,128.4053868613703,414,0,0,0,0,1
1609,1.6115599751398384,415.95394207743766,961,0,0,0,0,1
5766,33.5156087408949,3610.250140505452,3479,0,0,0,0,1
9020,36.9920177383592,1350.7818304947768,3892,0,0,1,0,0
9512,-66.50820016820857,5150.814513244352,5160,1,0,0,0,0
2005,73.11720698254364,262.3268577128271,802,0,0,1,0,0
8680,4.565783410138249,433.1426150071311,1492,0,0,1,0,0
7871,21.8373777156651,2423.0300332896813,4742,0,0,0,1,0
2555,29.82504892367906,969.639227761764,1557,0,0,0,0,1
6528,81.29411764705883,445.29074229511133,1520,1,0,0,0,0
9808,-4.810766721044046,7809.365556670684,6048,0,1,0,0,0
9360,98.17371794871795,6508.681450517397,5404,0,0,0,1,0
4976,111.16780546623794,2845.0335674250678,2892,0,0,1,0,0
3848,10.827702702702704,1829.1816799275746,2285,0,0,1,0,0
8967,58.46358871417419,2679.0122368455186,5160,0,1,0,0,0
8412,98.76081787922016,3025.1931792607306,4763,0,0,0,0,1
3836,56.26381647549531,537.7424552029215,1602,1,0,0,0,0
3584,44.77064732142857,142.4502492571363,499,0,0,0,0,1
7976,10.227557673019056,399.93561166553775,1379,0,0,0,1,0
8240,141.9106796116505,4460.795960013889,4869,0,0,0,0,1
4636,5.641501294219155,2151.982340540482,2914,0,1,0,0,0
8953,-36.31687702446107,6081.740908751515,5287,0,0,1,0,0
4565,98.24906900328587,1493.7503158465558,2621,0,0,0,1,0
7007,62.67275581561296,1774.5680515969773,3872,0,0,0,1,0
7742,8.519633169723585,1552.8749631123535,3977,0,0,1,0,0
1003,90.45264207377866,190.31465392345513,504,0,0,1,0,0
2639,8.873057976506253,869.7431895633031,1636,0,1,0,0,0
4475,28.945474860335196,2436.5804186335304,2508,0,0,0,1,0
8550,99.83508771929824,609.7307101383456,2070,0,0,1,0,0
2151,10.238028823802882,124.47277587340895,425,0,0,0,1,0
8914,45.405317478124296,262.67806798102595,907,0,0,0,0,1
5985,92.69640768588137,3920.381319947923,3432,0,0,1,0,0
6009,37.89549009818605,1757.489593015265,3457,0,0,0,0,1
8693,62.17565857586564,5649.693293668586,5099,1,0,0,0,0
1972,26.94574036511156,604.4430630151104,1078,0,0,1,0,0
7984,36.34706913827655,914.2705216907042,2900,0,1,0,0,0
1308,102.71559633027523,772.8326299106515,768,1,0,0,0,0
4473,85.2186452045607,2095.087810697382,2713,1,0,0,0,0
2883,30.115157821713492,685.9178800037047,1657,0,1,0,0,0
3440,62.842441860465115,1883.8991309623107,2084,0,0,0,0,1
1168,14.33390410958904,404.0708030166388,704,0,0,0,0,1
4728,137.14276649746193,3492.984294352131,2949,0,0,0,0,1
8411,5.616692426584235,785.9158041398657,2590,0,0,0,1,0
2155,34.186542923433876,230.60240389470388,745,0,0,0,0,1
3036,81.07608695652173,212.75439505818008,719,0,0,0,0,1
1979,59.65032844871147,1441.0218119690746,1173,1,0,0,0,0
9825,-54.13791348600509,5600.984111439996,5774,1,0,0,0,0
9254,65.07877674519126,3271.953514180719,5165,0,1,0,0,0
3833,104.51813201147925,2849.499262174269,2302,0,0,0,0,1
9035,-19.795794133923632,2449.6954433484516,5378,0,1,0,0,0
6745,48.71460340993328,4019.2342083521426,4132,0,0,0,1,0
6128,78.72535900783289,1781.103292926869,3609,0,0,0,0,1
8117,8.908340519896514,4210.0940600018075,4590,0,0,1,0,0
3625,50.0151724137931,1154.406183242159,2053,0,0,0,0,1
5971,57.122760006699046,4309.254375292693,3585,0,1,0,0,0
6089,94.41090491049434,1230.4934599663088,3120,0,1,0,0,0
9629,69.09772562052135,3050.573471094996,5827,0,0,1,0,0
7702,-26.37691508699039,4528.984921791475,4460,0,0,0,1,0
3401,12.907674213466628,1496.2783611814586,1895,0,0,0,0,1
2104,86.47718631178707,221.47575688183062,701,0,0,0,1,0
9948,100.93827905106554,4065.4346759174377,5511,0,1,0,0,0
4369,60.74616617074845,1942.9982144166866,2569,1,0,0,0,0
3083,98.28932857606227,1139.464495140444,1860,1,0,0,0,0
7869,-3.6988181471597406,5441.175550254478,4638,0,1,0,0,0
5063,46.171439857791825,3286.716782596971,2951,0,0,1,0,0
2688,33.98809523809524,883.8063773564296,1683,0,1,0,0,0
5935,85.08424599831508,858.3326855810722,2472,0,0,0,0,1
6648,82.5654332129964,4071.53704979883,3786,0,1,0,0,0
3098,114.64234990316334,2280.7163576053986,1872,0,1,0,0,0
5365,62.85219012115564,308.2157526688833,1064,0,0,0,0,1
1887,102.19130895601484,622.0375079801142,1039,0,0,0,0,1
9713,-32.52712859054875,2709.651607408699,5269,0,0,0,1,0
9172,103.47274313126908,3349.2885372989563,5419,0,1,0,0,0
5940,57.94747474747475,1623.6655296344913,3396,0,0,0,0,1
7576,60.895591341077086,1084.7258531079815,3128,0,0,0,0,1
5226,34.38748564867968,594.9927283532606,1873,0,0,0,0,1
8876,69.25304191077062,504.8604744438664,1735,0,0,1,0,0
9414,90.75674527299766,1530.6839962522288,4245,0,0,0,1,0
6509,85.39514518359195,1540.5472599519392,3753,0,0,1,0,0
8365,131.2792588164973,2889.8034449537217,4675,1,0,0,0,0
3105,76.06280193236715,1099.5722817619596,1934,0,0,0,0,1
8655,125.05696129404969,2351.1116174389986,5227,0,0,0,0,1
5928,15.951923076923077,1105.8194773473572,2942,1,0,0,0,0
6113,71.10354981187633,1244.490849624895,3177,1,0,0,0,0
6534,12.57774716865626,1175.2553920783298,3193,0,0,0,1,0
9385,106.35514118273841,5865.091991373063,5759,0,1,0,0,0
1039,11.503368623676613,338.57538506896867,621,0,1,0,0,0
7587,49.58771582970871,836.4477554227451,2694,0,1,0,0,0
5740,11.928222996515679,4560.576665857253,3608,1,0,0,0,0
1731,50.33853264009243,1315.2648046777344,1078,1,0,0,0,0
7392,63.41626082251082,1781.0070515630161,4206,0,0,1,0,0
3417,-11.511559847819726,1491.4266781759682,1837,0,0,0,1,0
4107,29.137570002434867,2768.5340180367607,2316,0,1,0,0,0
6856,41.10705950991832,653.5746078310457,2145,0,0,0,1,0
8555,56.08217416715371,4725.206870132175,5098,0,0,0,0,1
3095,3.6365105008077543,954.3650172395436,1912,0,0,1,0,0
2836,32.614950634696754,1469.0790600717232,1594,0,1,0,0,0
5278,65.91303524062145,3576.8498229776856,3277,0,0,1,0,0
8081,19.63457492884544,2638.0030305323485,4404,0,0,0,1,0
4753,13.965705869976857,1573.8916986864774,2884,0,0,0,0,1
5000,47.1464,749.0328381099456,2127,0,1,0,0,0
3438,89.43659104130309,2408.6497183846786,2034,1,0,0,0,0
8151,82.71512697828487,5161.534816215226,5119,0,0,0,0,1
7467,63.7758135797509,4061.551413089841,4177,0,0,0,0,1
3119,50.2689964732286,1366.680403226368,1849,0,1,0,0,0
8793,86.40202433754122,3696.307162227573,4742,0,0,0,1,0
2613,38.91006505931879,835.7284810828855,1548,0,1,0,0,0
4032,93.06845238095238,353.9283887201609,1196,0,0,0,1,0
5336,17.644302848575713,180.06770178925038,625,1,0,0,0,0
4036,91.49826560951438,1711.3190715252,2442,0,0,1,0,0
8392,71.99404194470925,727.2391563160481,2429,1,0,0,0,0
2062,66.80698351115421,361.6130751105397,987,0,1,0,0,0
4123,45.74848411350958,1835.0138965490867,2565,0,1,0,0,0
8143,39.35785337099349,1807.668459613523,4428,0,0,0,1,0
3543,96.41659610499576,1106.6804111154408,2163,0,0,0,0,1
1009,36.616451932606545,472.2911036507139,568,0,1,0,0,0
7307,44.364581907759685,1351.5810460490754,3585,0,1,0,0,0
1363,16.22670579603815,134.58876510240165,452,0,0,0,0,1
8221,59.5551636054008,3299.2487811495016,4716,1,0,0,0,0
5999,-6.289381563593932,2235.3768465771723,3469,1,0,0,0,0
1886,47.07741251325557,898.5879185999277,1140,0,1,0,0,0
6993,10.243386243386244,1114.0239168224725,3061,0,0,0,0,1
6368,128.46231155778895,3005.0451511920246,3539,0,0,1,0,0
2536,117.93257097791798,1015.7110478655659,1445,0,0,1,0,0
1206,56.691542288557216,260.26757703021116,652,1,0,0,0,0
9626,39.41533347184708,1163.7974882033334,3655,1,0,0,0,0
9434,16.157621369514523,1015.6887291444295,3282,1,0,0,0,0
4688,27.352815699658702,931.6052694574076,2364,1,0,0,0,0
8571,148.52210943880527,5423.314112941496,4734,0,0,0,1,0
5430,8.107366482504604,2290.4480109101764,2967,1,0,0,0,0
5539,51.92543780465788,609.0193654620678,1943,0,0,0,0,1
6304,21.812341370558375,2542.069029172875,3429,1,0,0,0,0
4701,84.27143161029568,1835.8537563226464,2931,0,0,0,0,1
8825,74.39818696883853,1653.0095749324148,4408,1,0,0,0,0
2533,47.50769838136597,146.23043037689598,502,0,0,1,0,0
5723,85.78193255285689,647.6929994497599,2036,0,0,0,0,1
7639,74.16049221102239,3013.1508060026085,4707,0,0,0,1,0
7190,79.3970792767733,4270.998196676477,4489,0,1,0,0,0
2844,85.55450070323488,552.9842407498774,1423,0,0,0,1,0
3153,63.32952743418966,1333.5520462808586,1961,0,1,0,0,0
3583,12.620987998883617,164.76234062091737,567,1,0,0,0,0
9224,105.4195576756288,1572.6150250287592,4306,0,0,0,1,0
8066,162.7681626580709,4711.985534066683,4410,1,0,0,0,0
6223,27.048690342278643,1308.4426673580115,3265,1,0,0,0,0
7243,31.52229739058401,1376.723418733685,3666,0,1,0,0,0
6256,28.774296675191817,600.700011158511,1963,0,1,0,0,0
6127,104.06577444099885,2375.794221492657,3833,1,0,0,0,0
9157,7.650540570055695,1809.1250853668575,4646,0,0,0,1,0
1922,88.47970863683663,191.96798004744105,611,1,0,0,0,0
8548,55.03743565746373,2116.3485923396815,5000,0,0,0,0,1
3768,168.97160297239915,2612.602238674487,2396,0,0,0,1,0
2698,24.687916975537433,1298.457497267932,1610,0,1,0,0,0
2058,41.50097181729835,328.94186637882007,920,1,0,0,0,0
6547,70.90041240262715,617.483890092721,2007,0,0,0,0,1
9378,27.71443804649179,2542.0719425011303,5368,0,1,0,0,0
2074,74.48698167791707,911.5469917148486,1205,0,0,1,0,0
7220,36.22465373961219,549.6655729181816,1829,0,0,1,0,0
4996,33.22497998398719,838.2875861458099,2282,0,0,1,0,0
6439,73.40037272868457,2169.9344973069465,3935,0,1,0,0,0
8361,17.457241956703744,5002.02906778802,5206,1,0,0,0,0
7123,37.76961954232767,1246.1975961055828,3344,0,0,0,1,0
3805,-40.49119579500657,2254.0955891052918,2042,0,0,0,0,1
1909,74.8177056050288,1303.5443271179618,1172,0,1,0,0,0
4308,42.121866295264624,1553.158549176869,2656,0,0,0,0,1
2076,82.126204238921,176.47762489308477,590,0,1,0,0,0
8252,65.10130877363063,2825.1728592850295,5017,1,0,0,0,0
1745,54.31174785100286,725.1181112798894,1039,1,0,0,0,0
3796,37.87961011591148,1131.549000327752,2233,0,1,0,0,0
8126,71.79977848880138,1432.7947850415578,3857,0,0,0,0,1
8085,46.8895485466914,3070.795723715994,4892,0,0,0,0,1
2311,77.41410644742535,1500.548438134633,1375,0,0,0,1,0
8006,101.03797152135898,733.3432566390985,2417,0,0,1,0,0
2452,42.17292006525285,984.0794741132861,1447,1,0,0,0,0
4899,-5.262094304960196,2584.599867817842,2834,0,0,0,0,1
8847,65.47643268904713,1767.8142899412842,4525,0,0,0,0,1
7207,122.32926321631747,3719.2027212287644,3996,0,0,1,0,0
6754,-29.702990820254662,3825.552688894867,3824,0,0,1,0,0
1735,23.644380403458214,662.4191511029546,967,1,0,0,0,0
4726,35.01650444350402,3188.7640850857506,2797,1,0,0,0,0
3646,4.9402084476138235,2267.2863489394244,2313,0,1,0,0,0
5601,36.1140867702196,736.2067787068022,2269,1,0,0,0,0
6633,99.00738730589477,300.5915171116923,1036,0,1,0,0,0
2491,19.619028502609392,779.8523327930008,1550,1,0,0,0,0
7982,79.32335254322226,4577.462241032859,4714,1,0,0,0,0
1149,18.243690165361183,175.75177271012575,495,0,0,0,0,1
2704,-1.4289940828402368,967.7944853201777,1545,0,0,0,0,1
2814,30.383439943141436,256.28107159432244,851,0,1,0,0,0
5439,119.70748299319727,1447.3384417975224,3153,0,1,0,0,0
1717,58.02853814793244,1148.5248069371628,965,1,0,0,0,0
8415,42.17635175282234,4320.633879991564,4843,0,0,1,0,0
2390,68.66610878661088,1432.5532088016969,1325,0,0,1,0,0
2893,-5.458693397856896,1866.7070939117293,1709,0,1,0,0,0
9980,85.1562124248497,236.2616699760728,813,0,1,0,0,0
8955,43.20636515912898,3309.148926375669,5335,0,0,0,0,1
3241,58.185436593643935,2083.458785781364,1935,1,0,0,0,0
4816,19.27906976744186,820.694009210873,2220,1,0,0,0,0
6431,99.26450007774841,955.3157730620469,2762,1,0,0,0,0
6362,66.90317510216913,2650.468183727405,3808,0,0,1,0,0
1163,131.70077386070508,888.5838559298596,697,1,0,0,0,0
3173,69.93161046328396,567.2115115934881,1502,0,0,0,0,1
8232,70.0074101068999,2347.145108357717,4776,0,0,0,0,1
3680,86.01603260869565,2025.139753769429,2251,0,1,0,0,0
8814,49.32062627637849,1154.5968386230559,3455,0,0,0,1,0
5918,34.98800270361609,3015.4041046243256,3757,0,1,0,0,0
8636,89.48112552107457,7081.722882692725,5414,0,0,1,0,0
1670,87.15389221556886,765.1934495533411,889,0,0,0,1,0
4209,26.933713471133284,473.20377574311283,1502,0,1,0,0,0
8160,116.6767156862745,6674.481996710218,5098,0,0,0,1,0
8885,20.491840180078785,2412.245766757865,4891,0,0,1,0,0
2230,20.07578475336323,1267.7188860616136,1237,1,0,0,0,0
5447,8.58233890214797,3328.2302661863355,2947,1,0,0,0,0
2604,88.88287250384025,206.0306053019507,688,1,0,0,0,0
9039,14.660803186193164,4683.609574118312,5046,0,1,0,0,0
6993,89.93607893607894,3763.031163858817,4353,0,1,0,0,0
3673,22.123060168799345,2216.968739306816,1959,1,0,0,0,0
1078,12.362708719851577,589.7328718102718,626,1,0,0,0,0
9620,67.07650727650727,3205.2856411140774,5619,0,0,0,0,1
4758,101.2780580075662,3125.0127836015704,2762,0,0,0,1,0
7636,76.51597695128339,4997.028518431652,4644,0,1,0,0,0
8283,99.83713630327176,2736.028748960629,5021,1,0,0,0,0
4592,102.87129790940766,2104.6419448998777,2466,0,0,1,0,0
3278,74.01647345942648,398.65164639954685,1253,0,0,0,0,1
2570,145.05408560311284,1229.6852084418758,1560,0,0,0,0,1
9946,99.77367786044641,4685.036260250086,6000,0,0,0,0,1
6065,58.21088211046991,3559.459616333674,3253,0,0,0,1,0
7697,141.31609718071977,2305.947578803028,4510,0,0,0,1,0
2810,34.62384341637011,1072.652030784818,1644,1,0,0,0,0
5871,51.323283938000344,1338.8672232118797,3187,0,1,0,0,0
3955,39.51833122629583,2183.9083130833897,2455,0,0,1,0,0
5062,77.16693006716713,2820.2851431038853,2921,0,0,0,1,0
2108,27.161290322580644,1102.1677581721906,1240,0,1,0,0,0
1567,95.63178047223995,1037.5144579727291,864,0,1,0,0,0
6615,17.866213151927436,676.828099617728,2197,0,0,1,0,0
6648,67.32836943441636,2263.1837820985243,3736,0,0,0,1,0
2471,52.23796033994334,724.8883747443228,1541,1,0,0,0,0
3401,127.20699794178184,2691.611229425879,2102,1,0,0,0,0
8877,67.20310915849949,6866.999704911622,5583,0,0,0,0,1
9180,7.374291938997821,2874.707531546764,5011,0,1,0,0,0
9400,32.000531914893614,6881.895895808392,5737,0,0,0,0,1
2940,-54.21632653061224,1633.4380927548789,1681,0,0,0,0,1
4477,117.364753182935,3345.6363586077287,2676,0,0,0,1,0
8305,7.28898254063817,1977.9097508109485,4543,1,0,0,0,0
8553,71.06488951245177,2406.2134547124992,4864,0,0,1,0,0
9311,68.70368381484266,1801.4381858015122,4655,0,0,0,1,0
9455,14.519830777366472,6248.556798348934,5449,0,0,0,0,1
3204,14.273408239700375,2225.3082983322133,1867,0,1,0,0,0
6711,72.55714498584413,3648.357759486618,3869,0,0,1,0,0
7359,83.87403179779861,532.0260199067241,1798,0,0,0,0,1
1735,90.12853025936599,195.1470388329657,617,0,0,0,1,0
1990,79.51155778894473,1087.7497613577095,1184,0,0,0,0,1
9489,31.369164295500052,540.5517849842948,1864,0,0,0,1,0
8434,10.863054304007589,3494.6653030538523,5119,0,0,1,0,0
6033,50.26172716724681,1963.901726074627,3611,0,0,0,1,0
7125,-25.49880701754386,2664.6390165903185,4299,1,0,0,0,0
5071,63.29382764740682,4152.935728932559,3175,0,0,0,0,1
5649,58.42627013630731,1619.0486076615741,3456,0,1,0,0,0
8379,143.2142260412937,3358.89344983722,4720,1,0,0,0,0
4369,39.53421835660334,1394.1469298345573,2540,0,0,0,1,0
4845,100.8875128998968,1522.975431940391,3034,0,1,0,0,0
6618,118.36914475672408,5435.542389483535,4183,0,0,0,1,0
3915,30.110344827586207,1733.8600555679245,2354,0,0,0,0,1
8385,13.81896243291592,1264.6449303669388,3672,0,0,0,0,1
2660,57.40413533834587,977.5365575062114,1627,0,1,0,0,0
3417,50.954345917471464,863.7692835168396,2030,1,0,0,0,0
6196,41.41994835377663,1786.6590419453307,3845,0,0,0,1,0
4309,19.363657461127872,678.4944982880735,1882,1,0,0,0,0
8221,30.18331103272108,4895.2213994775275,4542,0,0,1,0,0
1820,48.06978021978022,1168.7521273737264,1130,0,0,1,0,0
2160,24.73287037037037,1127.9422875771277,1319,0,0,0,1,0
6386,28.302849984340746,1078.9475412586073,2987,0,0,1,0,0
9640,24.434751037344398,1698.0073252655409,4601,0,0,0,0,1
1932,38.939958592132506,531.5987581496507,1111,0,0,1,0,0
1677,65.46392367322599,185.49317183199042,594,0,0,1,0,0
7035,13.253020611229566,3107.193014250507,4419,1,0,0,0,0
7369,117.11399104356086,5082.715583562144,4596,0,0,0,1,0
8260,72.9820823244552,6606.539153545546,5184,0,1,0,0,0
7709,13.275392398495265,3940.5766024899267,4870,0,0,0,1,0
3569,66.34939759036145,632.2892715964434,1730,0,0,0,1,0
6585,21.53120728929385,2551.2779531451565,3607,0,0,1,0,0
4586,-16.09158307893589,3240.7694857041656,2785,1,0,0,0,0
3325,84.03458646616541,1872.1067520669337,1987,0,0,0,0,1
2510,-6.793227091633466,1262.9993375167198,1498,0,0,0,1,0
5918,51.81615410611693,1073.0300141577986,2843,0,0,1,0,0
7560,82.91984126984127,664.326052395989,2215,0,0,1,0,0
5116,47.29808444096951,2387.1369528352006,3205,1,0,0,0,0
3955,22.89962073324905,1669.7676255772537,2487,0,1,0,0,0
3990,51.01177944862155,817.446463331161,2133,0,0,0,1,0
6102,44.101442150114714,3468.358899624661,3722,0,0,0,1,0
9711,31.848007414272473,4982.459071038009,5323,0,0,0,1,0
1295,50.81003861003861,83.44366823164103,285,0,0,0,1,0
4834,96.09267687215556,715.4808820143867,2055,0,0,0,1,0
2046,44.724828934506355,151.73634990356706,514,0,0,0,0,1
2174,26.11407543698252,1351.6432919386418,1265,0,1,0,0,0
3474,51.77547495682211,562.6259006727215,1541,0,1,0,0,0
7139,75.71284493626558,877.9275582285507,2743,0,0,0,1,0
4367,24.420425921685368,385.91802056077177,1262,0,0,0,0,1
9140,57.06892778993436,6833.24514695296,5659,0,0,0,0,1
5497,74.00072766963798,265.15573286281796,916,0,0,0,1,0
2217,56.606224627875505,1327.0767735319755,1247,0,1,0,0,0
8954,-39.67411212865758,5328.321404748455,5267,0,0,0,1,0
3038,21.739960500329165,1868.916024906682,1866,0,0,1,0,0
7499,57.050140018669154,1328.7312599071545,3530,0,0,0,0,1
8344,64.7707334611697,1632.0558778278648,4155,0,0,0,1,0
4572,68.24037620297463,2778.5744152389875,2614,0,1,0,0,0
6454,4.8898357607685154,3348.9065840584617,3669,1,0,0,0,0
7925,72.33236593059937,196.399863970392,683,0,0,0,0,1
8095,30.8473131562693,670.8242402959438,2259,0,0,1,0,0
4809,62.64400083177376,2192.063029128059,2596,1,0,0,0,0
5278,32.28097764304661,1516.8052452474774,2869,0,1,0,0,0
7035,91.70618336886993,801.0556002698381,2515,1,0,0,0,0
6781,73.76493142604336,4307.310875673285,3803,0,0,1,0,0
4605,122.24386536373507,870.7210554373994,2322,0,0,0,0,1
5706,72.51752541184717,1503.3896938117614,3233,0,0,0,1,0
6096,29.802001312335957,707.9778998637386,2212,1,0,0,0,0
6682,13.20487877880874,2868.1806137866474,3574,0,0,0,1,0
9033,20.198605114579873,5329.253322490854,5124,0,0,0,0,1
7901,88.02303505885331,1567.556378281077,3997,0,0,0,1,0
6835,104.5353328456474,3458.588310104018,3993,1,0,0,0,0
1586,18.703656998738968,1032.1191842716041,875,0,0,1,0,0
8769,35.54533014026685,3216.386976145842,5096,0,1,0,0,0
5262,18.52413530976815,2215.316531287583,3221,0,0,1,0,0
1970,65.58172588832487,814.069022423847,1076,1,0,0,0,0
1904,92.15126050420169,213.9551860976382,684,0,1,0,0,0
4365,41.955326460481096,2191.022116361351,2535,0,1,0,0,0
7661,111.25884349301657,5597.842931306747,4672,0,1,0,0,0
5062,44.79079415250889,2518.1072444825945,3103,0,0,0,0,1
1899,-0.09110057925223802,497.8084447102671,1084,0,0,0,0,1
8906,69.40803952391646,238.0265157194351,835,0,0,0,1,0
6375,31.86729411764706,3415.403500882455,3498,0,1,0,0,0
4920,6.716869918699187,2818.4845644351694,2826,0,1,0,0,0
4040,32.07178217821782,1536.609251043307,2289,1,0,0,0,0
9959,61.506978612310476,2857.459287655204,5919,0,0,0,0,1
6006,32.303696303696306,576.1068736612827,1900,1,0,0,0,0
4872,102.38731527093596,1592.7008011494045,3006,0,1,0,0,0
8981,79.35630776082841,5627.549855566473,5196,0,1,0,0,0
1531,87.5819725669497,679.0366983184742,905,0,0,0,1,0
3758,17.08249068653539,524.039133480325,1615,0,0,0,0,1
5652,163.95789101203113,3703.6131569706163,3370,0,0,0,0,1
8560,81.91822429906541,4891.907650839371,4552,1,0,0,0,0
2022,65.70276953511375,448.71732479255405,1118,0,1,0,0,0
8373,99.22094828615789,5163.460408864819,5024,0,0,0,1,0
9954,38.342374924653406,4338.336620275149,6075,0,0,1,0,0
7000,143.21914285714286,3777.8854844596194,3890,0,1,0,0,0
4476,108.86974977658623,1458.3856957583341,2692,0,1,0,0,0
4049,-2.0447023956532475,2532.2631875073444,2270,0,0,0,0,1
5407,0.4126132790826706,1655.889855433364,3359,0,0,0,1,0
5719,7.145829690505333,2910.934036931802,3307,0,0,0,1,0
9894,91.69617950272892,2001.2242901438747,5188,0,0,0,1,0
9209,52.5253556303616,3185.5213579745473,5204,0,0,0,0,1
7458,-32.597613301153125,1940.99301929977,4030,1,0,0,0,0
6364,65.5262413576367,1618.13989839247,3629,1,0,0,0,0
9150,47.56710382513661,1837.8209923799966,4690,1,0,0,0,0
4386,26.71842225262198,1172.429552645655,2652,0,0,0,1,0
9704,104.67281533388294,3049.165672617902,5270,0,0,0,1,0
3810,43.04776902887139,1620.258607020383,2200,0,0,0,0,1
2751,36.595783351508544,165.85530005567045,570,0,1,0,0,0
5375,42.74176744186047,267.43612584871397,923,1,0,0,0,0
5475,152.4303196347032,3939.694489468711,3438,0,1,0,0,0
7146,182.17758186397984,5764.38766180242,4434,1,0,0,0,0
9187,23.29454664199412,4249.464735576586,5246,0,0,0,0,1
2993,44.6298028733712,1960.1305056053977,1851,0,0,1,0,0
5138,57.1767224601012,2550.186296919294,2732,1,0,0,0,0
7863,133.94493195981178,4438.609437758447,4699,0,0,1,0,0
4682,31.05190089705254,126.21696228887899,440,0,1,0,0,0
9436,49.75699448919033,6031.580449212549,5688,0,0,0,1,0
6601,5.578397212543554,835.77814898934,2526,1,0,0,0,0
6792,90.25029446407538,3330.7405762963704,3843,0,0,0,0,1
5068,55.69928966061563,3631.225736360269,3056,0,0,1,0,0
3490,129.74727793696275,2091.8492642048764,1912,0,0,0,1,0
9315,93.76285560923242,4173.30846199557,5816,1,0,0,0,0
6898,45.42128153087852,4264.213387429592,4331,0,0,0,1,0
8897,77.53029110936271,2318.4459105768437,5113,0,0,1,0,0
4214,52.62363550071191,937.4249356546703,2308,0,0,0,0,1
5205,81.90643611911624,3242.5228700522075,3275,0,0,0,1,0
2550,-21.46,1491.5834562073196,1484,0,0,0,1,0
3876,24.92105263157895,2355.510597269703,2166,1,0,0,0,0
6753,80.5105878868651,749.0710641375986,2384,0,1,0,0,0
5833,89.20332590433739,897.4315827487798,2514,0,0,0,1,0
4751,0.5312565775626183,1041.6131397400172,2576,1,0,0,0,0
4671,46.77649325626204,1781.6046585052634,2606,0,0,1,0,0
8096,15.278656126482213,3693.7329489275553,4340,0,0,0,1,0
5767,100.77995491590082,1833.1850301891102,3575,0,0,0,0,1
3310,113.18308157099698,1647.936346687855,1862,0,0,1,0,0
9348,3.9550706033376124,1434.6785475431996,4136,0,0,0,1,0
8283,33.27103706386575,438.0646766570666,1513,1,0,0,0,0
7818,72.24648247633665,1378.9374783516835,3722,0,0,0,1,0
5951,102.63350697361788,3877.5469902178434,3405,0,0,1,0,0
7017,69.47327917913638,938.5297901050418,2886,0,1,0,0,0
4979,115.35589475798353,2678.7537551874393,2663,0,0,1,0,0
1758,46.95904436860068,518.8941603361336,1057,1,0,0,0,0
8304,62.05033718689788,3235.5507475990707,4818,0,1,0,0,0
1083,71.96029547553093,36.94828424797688,128,0,1,0,0,0
7889,100.19761693497274,1675.440422869845,4237,0,0,1,0,0
4234,100.43127066603684,3168.3847163862065,2557,0,0,0,0,1
1346,99.86181277860327,463.0496479284263,813,1,0,0,0,0
5758,9.023619312261202,2322.4935162066167,3554,0,0,1,0,0
1032,54.62015503875969,208.77529810217106,533,0,1,0,0,0
5216,57.21913343558282,2575.1732352282747,3062,0,0,0,1,0
2848,94.11481741573034,1229.3111677439501,1670,0,0,0,1,0
9965,70.47546412443552,4337.262544954898,5766,1,0,0,0,0
6508,59.772126613398896,297.88656638502937,1033,0,0,0,1,0
5945,52.552565180824224,215.95070374120445,750,0,0,0,1,0
2692,78.99145616641901,1216.8666866127628,1651,0,1,0,0,0
1954,61.66274309109519,406.18863491981534,1020,0,0,1,0,0
7825,87.54364217252396,4157.859489599415,4918,0,0,0,0,1
1320,38.551515151515154,305.38030003459534,736,0,0,0,0,1
7695,47.590903183885644,6061.827853057128,4863,0,0,0,0,1
6741,58.30218068535826,1078.1697804965686,3010,0,0,0,1,0
1045,39.84784688995215,646.1672667800834,642,0,1,0,0,0
6223,34.43194600674916,3677.074937971529,3385,1,0,0,0,0
9529,1.9274845209360898,1614.6999627361656,4427,0,0,0,1,0
5707,81.9933415104258,583.4591264689004,1889,0,1,0,0,0
1785,79.39439775910364,134.3778825504962,460,0,0,0,0,1
9853,15.861565005582056,5406.3368273829265,5556,0,1,0,0,0
3745,55.62056074766355,1895.2043031166556,2281,0,1,0,0,0
2591,79.9675800849093,1350.5925605020532,1522,0,0,0,1,0
5633,86.48375643529202,3295.1262505492964,3415,0,0,0,0,1
5702,46.239214310768155,1425.1078718677518,3285,1,0,0,0,0
1160,92.20517241379311,479.3369407127588,626,0,0,0,1,0
6905,74.07487328023171,920.8064818490805,2786,1,0,0,0,0
3678,103.17292006525285,2283.7146262824926,2080,0,0,0,0,1
8311,107.72590542654314,3098.937405063557,5141,0,0,0,0,1
9813,67.4694792622032,4137.200997629116,5751,0,1,0,0,0
3486,65.48450946643717,1741.1416293497846,1985,1,0,0,0,0
3634,65.0170610897083,1241.0706860207897,2220,0,0,0,0,1
3523,58.72580187340335,1359.465588420091,1922,0,0,1,0,0
1417,13.32392378263938,444.16155605261105,845,0,0,0,0,1
9166,59.50087279074842,4642.515036322462,5152,0,1,0,0,0
3557,3.806859713241496,1376.1924162618043,2123,0,0,1,0,0
5114,78.67168556902621,493.3594414570262,1594,0,0,1,0,0
8412,27.27639087018545,976.9269496263436,3071,0,0,0,1,0
7871,-20.42840808029475,3287.610933726398,4614,0,1,0,0,0
1599,70.81050656660413,396.23935096632556,926,0,0,1,0,0
2972,95.42395693135936,1789.6022408030892,1809,0,0,0,0,1
5895,92.76997455470737,3485.539455379936,3550,0,0,1,0,0
9997,175.0958287486246,6848.399116038388,5968,0,0,0,1,0
4425,58.60406779661017,2799.6077416249773,2596,0,0,1,0,0
9320,99.66266094420601,4253.925491252685,5276,1,0,0,0,0
8140,-61.72616707616707,5557.381503616198,4905,1,0,0,0,0
6798,33.36672550750221,3261.2693974107665,3660,0,0,1,0,0
8371,11.892366503404611,319.86307547634493,1097,0,0,0,1,0
7779,49.05720529631058,3342.286689820109,4543,0,0,0,0,1
6765,-11.188470066518846,4333.000604237136,3953,0,0,1,0,0
2131,26.423744720788363,774.7460698295529,1320,0,1,0,0,0
3865,53.91461836998706,1203.6428118770114,2370,0,0,1,0,0
2231,57.02375616315553,1461.681198611461,1366,0,0,1,0,0
5314,96.43996989085434,1184.797313762562,2947,0,0,1,0,0
2733,22.23307720453714,1357.5959559298922,1699,0,0,0,1,0
3117,74.97978825794033,1327.4859430558197,1981,0,0,0,1,0
8455,39.77409816676523,2811.1647587487937,4558,0,0,0,0,1
6840,54.99400584795322,2557.1867136394953,4049,0,1,0,0,0
3619,31.882840563691627,2561.32419912678,2113,0,0,1,0,0
5479,9.18634787369958,3575.045303006749,3452,1,0,0,0,0
8315,52.493565844858686,3705.6101076181767,4972,0,0,0,0,1
3955,66.29886219974716,182.2806651740754,634,0,0,0,0,1
2417,13.22589987587919,122.08967766054933,425,0,0,0,1,0
4682,26.277872703972662,3720.9244414747764,2922,0,0,1,0,0
9361,50.80578997970302,3931.9637283315687,5265,1,0,0,0,0
1853,84.15920129519698,961.3905033675209,1061,0,0,0,0,1
8860,133.1382618510158,3772.602644947178,5537,0,0,1,0,0
4312,88.91883116883118,432.91458182370246,1398,1,0,0,0,0
1071,55.28664799253035,791.1655993541233,671,1,0,0,0,0
8237,91.7960422483914,3955.203726800819,4599,0,1,0,0,0
3519,107.17618641659563,1508.6095867147712,1906,1,0,0,0,0
1077,24.29990714948932,87.2404234606845,294,0,0,1,0,0
9603,78.26325106737478,2371.4250172334896,5293,0,1,0,0,0
7068,100.66496887379739,1100.2560758581114,3164,0,0,0,1,0
8495,23.055679811653913,810.4942580175344,2647,0,0,0,1,0
9061,75.76856859066328,2676.791800783152,4899,1,0,0,0,0
1709,44.77647747220597,366.24070702129546,893,0,0,0,0,1
9459,65.7453219156359,4166.370516484359,5241,0,0,0,0,1
7819,39.57680010231488,2933.750398555948,4635,0,0,1,0,0
4334,167.75749884633134,3455.7131588309016,2710,1,0,0,0,0
9802,23.526321158947155,2148.9690395259695,5361,0,0,0,1,0
6749,33.60068158245666,2945.314257493487,3704,0,0,0,0,1
4813,124.4865987949304,2886.228447225043,2942,1,0,0,0,0
3392,83.46285377358491,1826.3446557772702,1822,0,0,1,0,0
3599,39.30786329535982,2059.0879357682384,1975,0,0,0,0,1
1095,98.83470319634704,408.89736917925455,588,0,1,0,0,0
8894,76.0582415111311,3483.5813429244954,5194,1,0,0,0,0
1153,10.653946227233304,79.40318866357532,264,0,0,0,1,0
2344,12.634812286689419,1047.4533160969224,1344,0,0,0,0,1
8113,86.40145445581166,4156.248113390783,4831,0,0,1,0,0
7267,93.66616210265585,6075.791705037615,4603,0,0,0,0,1
2822,53.475194897236,1510.439450531552,1672,0,0,0,0,1
8921,89.25434368344357,6827.760852663897,5370,0,0,1,0,0
5012,62.23363926576217,1690.9802254275464,3062,1,0,0,0,0
3830,96.3402088772846,1196.3358230406277,2137,0,0,0,1,0
4698,33.412303107705405,1123.2129747407594,2712,0,0,0,0,1
2488,24.915192926045016,434.63319675069465,1195,0,0,0,0,1
3073,87.74975593882199,1029.5365356399354,1742,0,1,0,0,0
3517,58.65140744953085,575.4229608852941,1588,0,1,0,0,0
9459,85.07907812665186,1378.479396718444,3964,0,0,0,1,0
4332,47.229916897506925,1795.8111419813988,2549,1,0,0,0,0
4635,87.91046386192018,106.47398236017007,371,0,0,0,1,0
9826,92.1676165275799,1233.2464056390904,3828,0,1,0,0,0
7815,41.91529110684581,1713.3896790982858,4163,0,0,0,1,0
2220,57.597297297297295,723.2616381987867,1279,0,0,0,1,0
9242,110.0709803072928,2796.5783547020424,5387,0,0,0,0,1
2313,50.158668396022485,475.9999939911691,1225,0,0,1,0,0
8170,22.990820073439412,5136.577362268512,5161,0,0,1,0,0
9123,53.20848405129892,5829.987477807424,5429,0,0,0,0,1
2637,32.77057262040197,622.047756019152,1406,0,0,1,0,0
1626,24.45387453874539,127.3342615720718,432,0,0,0,0,1
8227,91.29913698796645,281.1726142362722,971,0,0,0,1,0
5804,18.176602343211577,2526.0723761501836,3417,0,0,1,0,0
8939,59.97315135921244,779.2027673395655,2630,1,0,0,0,0
9458,-53.97187566081624,6666.032235260091,5930,0,1,0,0,0
2252,16.94760213143872,1292.9901047992653,1380,0,1,0,0,0
6939,62.28073209396167,2898.18669447471,3744,0,0,1,0,0
3268,69.15330477356181,255.77583287176478,876,0,1,0,0,0
4754,71.60938157341187,1991.2874455254084,2857,0,0,0,0,1
7550,36.182119205298015,3628.079093061243,4439,0,0,0,0,1
7546,121.02054068380599,3522.336289542897,4323,0,0,0,1,0
6490,37.38258859784283,2114.5589986720147,3959,0,0,0,1,0
1909,62.20377160817182,448.88089687263823,1072,1,0,0,0,0
7732,92.75452664252457,4614.464258354494,4462,0,0,0,0,1
5127,72.59098888238736,1426.0318400773222,2889,0,0,0,1,0
7642,80.35540434441246,2957.2979939215406,4063,0,0,1,0,0
6450,64.88651162790698,2405.772436638144,3518,1,0,0,0,0
3953,57.8365798128004,2328.251764931858,2352,1,0,0,0,0
4538,46.62714852357867,2205.2409699114023,2546,1,0,0,0,0
3230,66.0216718266254,1563.8301116509374,1887,0,0,1,0,0
9919,76.37604597237625,5314.745548919335,5304,0,0,0,0,1
5137,94.97527739926026,230.26358006702065,800,0,1,0,0,0
7907,45.16441128114329,3753.872102377071,4495,0,1,0,0,0
4475,1.4091620111731844,1373.2498448924227,2796,0,0,0,1,0
1326,-0.45701357466063347,691.4074193227538,713,0,0,0,0,1
1996,33.0996993987976,766.225843774043,1064,0,0,0,0,1
7267,82.06288702353103,3870.5617548840123,3970,1,0,0,0,0
6625,62.713811320754715,4688.3469358614775,4230,0,0,1,0,0
8085,12.261719233147804,2167.691447491497,4373,0,1,0,0,0
2975,147.94117647058823,2027.5279135531703,1722,0,0,1,0,0
9180,98.27527233115468,5878.5076378903295,5308,0,0,1,0,0
4348,45.81600735970561,2453.157290700626,2533,0,0,0,1,0
5648,34.23672096317281,1424.203691856124,3191,0,1,0,0,0
8326,-1.816718712466971,2480.3912408530045,4474,1,0,0,0,0
8483,27.85618295414358,1348.8226931715042,3829,0,1,0,0,0
6941,48.904768765307594,1194.8499647541082,3276,0,0,0,0,1
4257,47.26262626262626,1801.4676348113194,2449,0,0,1,0,0
2816,46.86434659090909,929.5091103069443,1693,1,0,0,0,0
4826,156.11976792374637,3719.7526098388935,3052,0,1,0,0,0
3975,76.90968553459119,1180.164624544257,2340,0,1,0,0,0
2588,36.98106646058733,1381.3540609702445,1496,0,0,1,0,0
3144,55.00795165394402,1128.3886229835693,1729,1,0,0,0,0
6887,98.58762886597938,3236.5942443306726,3831,0,0,0,1,0
5697,97.22959452343339,1468.5136417144429,3343,0,0,1,0,0
4857,73.52975087502574,163.29208150183553,572,0,0,0,1,0
4084,34.191968658178254,2993.2550179891264,2460,0,1,0,0,0
5849,47.62745768507437,3188.852348886217,3188,0,0,1,0,0
4489,61.8340387614168,1389.6105353017213,2537,0,0,0,1,0
7957,31.936533869548825,1730.2596859984717,4324,0,0,1,0,0
8702,76.64272581015858,3369.5001853720887,4909,0,0,0,1,0
2949,58.16547982366904,1637.6965770297634,1780,0,0,1,0,0
7190,80.12322670375522,491.34373087141336,1667,1,0,0,0,0
2294,89.41499564080209,469.56385230129666,1198,1,0,0,0,0
8647,42.969353533017234,3359.1054813578344,5322,0,0,1,0,0
1224,86.89950980392157,498.86668671186175,739,0,0,0,1,0
7799,-19.847031670727016,2764.146079112639,4429,0,0,0,1,0
1525,86.56983606557377,1006.4792398280707,969,0,0,0,0,1
9355,-2.0505611972207376,7558.280709761699,5922,0,1,0,0,0
7122,30.249789385004213,935.2300625812488,2875,0,0,0,1,0
5351,101.66529620631658,1674.3379459896853,3236,1,0,0,0,0
3977,30.394518481267287,1933.3576459819762,2310,1,0,0,0,0
6134,-47.30322791000978,2454.878860107312,3574,0,0,0,1,0
