8715,-84.70671256454389,6273.531776303611,5522,1,0,0,0,0,0
4927,-21.07306677491374,2203.8391355071744,2819,0,0,0,1,0,0
5501,53.693510270859846,2280.183130450468,2989,0,0,0,0,1,0
4304,7.389172862453532,2697.064400831777,2677,0,0,0,0,1,0
1277,54.90211433046202,819.2656206723046,719,0,0,0,1,0,0
8981,163.16757599376461,5254.4313574958405,5571,0,0,0,0,1,0
2154,73.7715877437326,807.5647947307791,1160,0,0,0,1,0,0
1221,35.3972153972154,405.962132911851,677,0,0,0,0,1,0
7074,162.3505795872208,4206.157089324397,3960,0,0,0,0,1,0
1484,79.49595687331536,385.3576444481107,811,0,0,1,0,0,0
4493,67.56910750055643,2547.133286030909,2784,0,0,0,1,0,0
4286,81.62459169388707,1747.3454972443465,2491,0,0,1,0,0,0
1280,15.278125,60.782662178324955,211,0,0,0,0,0,1
9499,77.85187914517317,1005.3134811322499,3285,0,0,0,0,0,1
9905,42.13013629480061,576.1920615537044,1980,0,0,0,0,1,0
2819,55.73252926569705,412.99482723667614,1193,0,0,0,0,0,1
6850,133.31240875912408,1832.508138795332,3967,0,0,0,1,0,0
1043,43.18504314477469,117.71415598126933,374,0,0,0,0,0,1
5977,31.282750543751046,4160.7382652828155,3818,0,0,0,0,0,1
2854,51.86860546601261,1714.6123119886117,1617,1,0,0,0,0,0
8130,68.07589175891759,2524.575217838796,4451,0,0,1,0,0,0
5543,24.47519393830056,2081.370493761274,3486,0,1,0,0,0,0
6476,24.06485484867202,1934.8477597532096,3622,0,0,0,0,0,1
8473,58.76749675439632,6191.680850085674,5080,0,0,0,0,1,0
6958,83.88085656797931,2816.9818460929628,3853,0,0,1,0,0,0
5771,7.2330618610292845,2795.235053674477,3433,0,1,0,0,0,0
2061,61.05870936438622,264.4418690998575,797,1,0,0,0,0,0
8940,65.99284116331096,3681.7650718431305,5360,0,0,0,0,1,0
9729,55.02857436529962,7520.395292122935,6097,0,0,0,0,0,1
3987,36.36669174818159,867.7589713042861,2185,0,0,0,0,1,0
6082,79.96399210785926,2281.6205214133815,3531,0,0,0,1,0,0
9257,68.87566166144539,1935.8517677622006,4866,0,0,0,0,0,1
7415,-27.336480107889415,4261.252342543807,4485,0,0,0,1,0,0
7111,56.252988327942624,1732.029568072213,3888,0,1,0,0,0,0
1127,98.97781721384206,503.80768295726745,648,0,1,0,0,0,0
5363,62.88103673317173,1234.3951913244757,3046,0,0,0,0,1,0
6427,77.69830402987397,3843.3973789043994,3939,0,0,0,1,0,0
5536,103.59682080924856,2995.134114677202,3100,0,0,1,0,0,0
2370,84.79620253164558,951.0398507460653,1482,0,1,0,0,0,0
8386,63.55079895063201,1497.1396298982386,4074,0,0,0,1,0,0
9163,37.924588017024995,2594.6284057846483,5699,0,0,0,1,0,0
6426,62.15421724245254,529.599980314276,1772,0,1,0,0,0,0
3931,32.255405749173235,535.7838630402508,1593,0,0,1,0,0,0
2282,33.56529360210342,1380.2459717361887,1292,0,0,1,0,0,0
4298,83.16309911586785,842.2739930972602,2161,0,1,0,0,0,0
3005,112.2622296173045,1676.816387620114,1647,1,0,0,0,0,0
1295,60.61081081081081,675.195049667488,797,0,0,0,0,0,1
6172,14.632534024627349,2407.7762940538937,3449,0,1,0,0,0,0
3291,10.547250075964753,1326.2702785779152,2015,0,0,1,0,0,0
3870,54.1922480620155,607.005818175642,1710,1,0,0,0,0,0
8770,50.59076396807298,6523.774177993619,5502,0,0,1,0,0,0
7672,34.816996871741395,2543.855740361781,4379,0,0,1,0,0,0
2803,-62.82804138423118,2279.0171543536067,1747,0,0,0,1,0,0
8436,48.09542437174016,2576.739920766659,4716,0,0,0,0,1,0
5630,100.22682060390764,1084.4013002533402,2866,0,0,0,1,0,0
3012,51.659030544488715,1189.421488385561,1643,0,0,0,1,0,0
1582,47.778128950695326,564.2731466429085,934,0,1,0,0,0,0
3345,85.06995515695067,697.1185103895899,1752,0,0,0,0,0,1
9642,54.40862891516283,375.51300815127394,1303,0,0,0,0,0,1
3888,6.2330246913580245,1195.1782221645983,2188,0,0,0,0,1,0
6365,-18.18648860958366,4476.731492983811,3831,0,0,0,0,0,1
2425,31.802474226804122,1119.9668073846487,1450,0,0,0,1,0,0
8847,-58.83757205832486,3670.274090987177,5619,0,0,0,0,1,0
3664,61.398471615720524,1292.8653483697099,2146,0,0,0,0,1,0
2648,56.89614803625378,1011.9756037192432,1595,0,0,0,0,0,1
9988,110.23007609130957,6225.313761236418,5431,0,0,0,0,0,1
2563,11.939523995317987,1491.992042285598,1480,0,0,0,0,0,1
8975,130.59487465181058,4061.4391186955722,5004,0,0,0,1,0,0
3602,28.917823431426985,466.4612599912923,1421,0,0,0,1,0,0
2611,36.700497893527384,776.746985613003,1528,0,0,0,0,1,0
3643,130.66373867691462,1710.768869680527,1984,0,1,0,0,0,0
3964,73.75958627648839,655.1858491633697,1796,0,1,0,0,0,0
1778,1.8329583802024747,570.7605750898092,1136,0,0,0,0,0,1
5801,72.73159800034477,365.09869427167786,1231,1,0,0,0,0,0
8288,-45.060810810810814,3369.1612891627465,4875,0,0,0,0,0,1
4911,-5.125432702097332,3896.1133618768968,3024,0,0,0,1,0,0
3939,65.85072353389185,1048.5932856482707,2271,0,0,0,1,0,0
1147,33.335658238884044,283.73412682782157,690,0,0,0,1,0,0
5599,80.63422039649937,3398.811927019463,3315,0,0,0,1,0,0
1302,16.940860215053764,526.7506809797441,722,1,0,0,0,0,0
7764,55.902627511591966,3022.4548058019327,4541,1,0,0,0,0,0
3806,27.775091960063058,1258.9294578289398,2366,1,0,0,0,0,0
5042,69.93732645775486,1943.4592390892637,2971,1,0,0,0,0,0
4071,-24.709653647752393,1916.466141581351,2181,0,0,0,0,1,0
8729,97.68839500515523,2735.239599500974,4670,0,0,0,0,0,1
7734,29.31794672873028,3021.9970238315386,4668,0,0,0,0,1,0
3168,28.49337121212121,92.43305976146874,323,0,0,1,0,0,0
5125,115.26165853658537,3967.195511044532,3139,1,0,0,0,0,0
5717,11.60258877033409,4032.256559748099,3591,1,0,0,0,0,0
8246,91.50824642250788,1127.9733836724586,3443,0,0,0,1,0,0
7115,-8.166830639494027,3698.3737209423734,4226,0,0,0,0,0,1
6027,72.42873734859798,3007.796055975633,3742,1,0,0,0,0,0
1072,35.151119402985074,804.4959274677404,685,0,0,1,0,0,0
7577,37.383133166160746,3314.613951416787,4796,1,0,0,0,0,0
4988,35.64194065757819,2767.4759998027016,2781,1,0,0,0,0,0
5500,26.87272727272727,2586.5461440766944,3437,0,1,0,0,0,0
1584,59.25568181818182,527.2710005162371,923,0,0,1,0,0,0
5911,22.699712400609034,2199.518054129849,3504,0,0,0,0,0,1
4138,65.15563073948768,2912.3986186332345,2444,0,0,0,0,0,1
4481,97.41954920776612,2473.751131910918,2476,1,0,0,0,0,0
3595,79.8191933240612,1290.6051514223052,2178,0,1,0,0,0,0
6104,67.6680865006553,1379.7699496469559,3418,0,0,0,0,0,1
9216,97.89529079861111,489.8857972999689,1687,0,1,0,0,0,0
5301,36.78815317864554,703.7559604150151,2076,0,0,0,0,1,0
4440,64.77792792792793,3101.296125403176,2537,0,0,0,0,1,0
6010,60.27371048252912,342.0586415620338,1187,0,0,0,1,0,0
5616,36.37838319088319,2234.423272711295,3192,0,0,0,0,1,0
4378,81.40520785746916,2116.507637914993,2405,0,0,0,0,1,0
9388,45.58979548359608,903.743336370408,2924,0,0,1,0,0,0
4878,62.79130791307913,429.6692153208027,1443,1,0,0,0,0,0
5936,71.62786388140162,3718.972075725427,3466,0,0,1,0,0,0
5354,68.7969742248786,1382.689236830326,3023,0,1,0,0,0,0
6045,35.72886683209264,1130.854727185214,3061,1,0,0,0,0,0
8345,70.21809466746555,1092.1783174830348,3335,0,0,0,0,1,0
6381,-177.49318288669488,5280.189581220255,3952,0,0,0,1,0,0
3225,66.18263565891473,1295.5442362341646,1896,0,0,0,0,0,1
4235,59.17780401416765,1231.6684462703568,2597,0,0,0,0,0,1
2845,33.50228471001758,1325.3966642034372,1665,0,0,0,1,0,0
9563,8.88706472864164,4530.319598729756,5241,0,1,0,0,0,0
7867,106.10347019194101,2857.667520510835,4726,0,0,0,1,0,0
2224,90.67625899280576,320.0349203254724,929,0,1,0,0,0,0
7016,104.84064994298745,753.63490769367,2401,0,0,1,0,0,0
3379,39.509618230245636,1667.1026785302613,1865,1,0,0,0,0,0
2779,44.845627923713565,978.8919701905227,1489,1,0,0,0,0,0
2689,109.1178876905913,1591.6761641083604,1631,0,0,0,0,1,0
3863,71.7944602640435,888.5459253495022,2188,1,0,0,0,0,0
3574,76.16675993284835,431.88109341615103,1326,0,0,0,0,1,0
6586,68.6041603401154,2876.719631929697,3603,1,0,0,0,0,0
6424,83.71653175591531,2149.733117207484,3866,0,0,0,1,0,0
8104,1.5340572556762093,2106.8728923633585,4814,0,0,0,0,1,0
1019,53.13738959764475,780.9892953528853,599,0,1,0,0,0,0
4617,58.18020359540827,1805.5108676473485,2445,0,0,0,0,1,0
7614,34.23115313895456,5083.9849116848645,4729,1,0,0,0,0,0
5105,88.87091087169442,2315.5527321195473,2963,0,0,0,0,1,0
3117,76.86172601860764,300.7908789184343,984,0,0,0,0,0,1
7214,57.26448572220682,4946.401049760689,4337,0,1,0,0,0,0
2160,39.104166666666664,741.3365874611645,1196,0,0,1,0,0,0
1743,81.67010900745841,1206.5089949334144,1049,0,0,0,0,1,0
4587,90.52256376716808,1362.2882897674283,2864,0,0,1,0,0,0
6029,95.55150107812241,2999.0721922743373,3711,0,0,0,0,1,0
4934,12.675922172679368,1475.832102981099,2696,1,0,0,0,0,0
6121,73.35190328377716,515.6063535093167,1732,0,0,0,0,0,1
1052,51.93346007604563,356.66482831216763,654,0,0,1,0,0,0
3787,71.28122524425667,1986.5600704531053,2250,0,0,1,0,0,0
5616,99.56125356125357,1978.1888851873498,2990,0,0,1,0,0,0
1138,74.396309314587,41.07139679734538,142,0,0,0,1,0,0
1543,3.749837977965003,721.2104462197742,879,1,0,0,0,0,0
1930,91.6259067357513,526.507782003446,1160,0,0,0,0,0,1
1053,-11.785375118708451,800.5704278616278,653,0,1,0,0,0,0
4566,37.249014454664916,791.7281925333169,2172,1,0,0,0,0,0
8238,69.7670551104637,2550.8492784781215,4750,0,1,0,0,0,0
7550,66.66556291390728,628.4231837072131,2096,0,0,0,1,0,0
2249,91.12894619831036,1587.2538526087858,1318,0,0,0,0,0,1
5573,76.7618876727077,512.0589084098123,1699,0,0,0,1,0,0
3311,4.657203261854424,2436.692439739809,1968,0,0,0,0,1,0
5781,16.339041688289225,1863.9599612525064,3218,0,0,0,0,0,1
5185,74.9787849566056,1602.7671274199392,3002,0,0,0,1,0,0
8316,47.473304473304474,2465.3929119079194,5053,0,0,1,0,0,0
4247,124.62090887685424,2940.7982100103086,2595,0,0,0,0,0,1
5875,57.63727659574468,1748.9284265022045,3627,0,0,0,1,0,0
4210,68.25795724465559,1988.0341147215104,2600,0,0,0,0,1,0
7339,47.63564518326748,1379.6834634887593,3685,0,0,0,0,0,1
7941,-13.22289384208538,4547.463792643886,4793,1,0,0,0,0,0
9880,15.931376518218624,3178.8190607200168,6099,0,0,0,0,0,1
3182,92.72093023255815,1712.3637890734906,1874,0,0,1,0,0,0
7334,48.43318789200982,2138.5704864447443,3941,0,0,0,1,0,0
2335,84.28351177730192,1348.4936102323015,1384,1,0,0,0,0,0
6934,49.74156331122008,4780.723503330719,4062,0,0,0,0,0,1
1510,58.94569536423841,998.6355875824304,842,0,0,0,0,1,0
5611,-39.69060773480663,2625.7010513104483,3145,1,0,0,0,0,0
6518,14.178582387235348,2672.6326407308206,3548,0,1,0,0,0,0
8083,59.60027217617221,3705.0661986989157,4344,0,0,0,0,1,0
2735,104.39853747714808,1531.0141621654127,1741,0,0,1,0,0,0
6766,127.41398167307123,4413.864456633971,4132,0,0,0,1,0,0
9594,88.50198040441943,6085.501489167291,5469,0,0,0,1,0,0
2086,41.693672099712366,659.3150784004341,1200,0,1,0,0,0,0
6358,83.12724127083989,4136.026284824711,3858,1,0,0,0,0,0
1238,36.417609046849755,395.535091948796,712,0,0,0,0,0,1
8617,28.6989671579436,327.4259974612368,1137,0,1,0,0,0,0
6144,152.50065104166666,4365.593826913828,3778,0,0,0,0,0,1
2288,92.49213286713287,1045.9260827455632,1253,1,0,0,0,0,0
7212,24.705213533000556,2179.1809233861804,4322,0,0,0,0,1,0
2863,98.02794271742927,1365.1558202161357,1725,0,0,0,1,0,0
1071,119.95238095238095,648.0600632180749,665,0,0,1,0,0,0
4542,92.84918538088948,1798.2126107619476,2672,0,0,1,0,0,0
6705,36.468456375838926,846.1689482456628,2631,0,0,1,0,0,0
4496,70.94128113879003,992.234970989885,2413,0,0,0,0,0,1
2746,69.02403495994173,725.0141738106914,1643,1,0,0,0,0,0
3369,9.826654793707332,973.1141036393474,1983,0,0,0,0,1,0
3630,83.4526170798898,981.4802206424919,1999,0,0,0,0,0,1
8427,38.0688263913611,1928.8924561218578,4691,0,0,0,0,0,1
9111,58.9807924486884,6299.168729233952,5250,0,1,0,0,0,0
2469,53.37991089509923,74.36487291078919,259,0,0,0,0,1,0
3836,24.01094890510949,800.3280840452949,2046,0,1,0,0,0,0
3820,54.498952879581154,330.1505752757739,1118,0,0,1,0,0,0
3878,70.37055183084064,1452.722320476909,2379,0,0,0,0,1,0
4858,79.99011939069575,718.563056455351,2073,0,1,0,0,0,0
1036,51.108108108108105,555.3168265845422,607,0,1,0,0,0,0
3830,37.021148825065275,1621.4934723130314,2234,0,0,1,0,0,0
5744,15.354630919220055,557.0720409535198,1818,0,0,0,0,0,1
7639,-23.405550464720513,4897.134270366523,4360,0,1,0,0,0,0
8844,83.84712799638173,5098.376743174798,4832,0,0,1,0,0,0
9898,99.32572236815518,916.3965108792456,3026,0,1,0,0,0,0
6562,43.27110637000914,1465.0549747522418,3636,0,0,0,0,0,1
6685,49.62543006731489,1375.8513384886737,3476,0,0,1,0,0,0
7870,82.44714104193139,2323.9522951380895,4604,0,0,1,0,0,0
7938,91.17447719828672,3819.1136276828115,4697,0,0,0,0,1,0
2032,78.38976377952756,829.5049685018382,1093,0,0,0,1,0,0
5602,81.87040342734737,988.9333044598708,2648,1,0,0,0,0,0
7355,25.3018354860639,246.92106972415579,853,0,0,0,0,0,1
7834,14.050421240745468,3648.1028581659316,4379,0,1,0,0,0,0
7782,89.60460035980468,3519.9660575868147,4616,1,0,0,0,0,0
4351,78.86945529763273,1901.8917769904074,2457,0,1,0,0,0,0
6559,76.00731818874829,905.7990559797477,2679,0,0,1,0,0,0
5073,-72.40705696826336,2821.280735072031,2898,0,0,0,1,0,0
3141,18.089461954791467,203.4033682926346,700,1,0,0,0,0,0
2308,52.48613518197573,1532.5756961857173,1307,0,0,0,0,0,1
3333,111.06510651065106,1515.8798473601823,2073,1,0,0,0,0,0
6007,107.44564674546362,1549.1578745220636,3251,1,0,0,0,0,0
8899,52.18372850882122,1464.918054904628,4058,1,0,0,0,0,0
8147,141.64588191972504,4751.03250439148,5074,0,0,1,0,0,0
6256,68.11349104859335,3084.8605154599077,3722,0,1,0,0,0,0
5491,-9.060826807503187,1000.7080419702135,2653,1,0,0,0,0,0
3470,83.38530259365994,2100.7841616655965,2131,0,0,1,0,0,0
2860,24.543706293706293,1287.0485977013475,1697,1,0,0,0,0,0
7530,42.819787516600265,3289.4220575711392,4456,0,0,0,1,0,0
5173,20.999033442876474,3154.5717234451627,3239,1,0,0,0,0,0
2702,37.478904515173944,945.6496692366034,1593,0,0,0,0,1,0
9041,54.5147660657007,2711.10155008927,4851,1,0,0,0,0,0
3574,27.0858981533296,1155.433761411163,2293,1,0,0,0,0,0
9383,83.86443568155174,355.4835386631721,1239,0,0,0,1,0,0
5420,33.28634686346864,668.9963170668551,2086,0,0,0,0,1,0
4841,61.87419954554844,2389.903176537067,2687,0,0,0,1,0,0
6143,68.12974116881003,1549.399843144826,3587,0,1,0,0,0,0
9476,49.53841283241874,899.9306013660064,2977,0,0,0,0,1,0
6955,60.737311286844,1656.6468177623053,3954,1,0,0,0,0,0
5922,117.36052009456264,2860.2997345223475,3486,0,1,0,0,0,0
1795,49.24066852367688,54.37035911715138,191,0,1,0,0,0,0
7593,66.51007506914263,2277.5668568091505,4630,0,0,0,0,0,1
5095,39.274975466143275,2575.3211448990123,2911,1,0,0,0,0,0
4713,110.88160407383832,2552.052920752104,2828,0,1,0,0,0,0
4593,32.0010886131069,2262.5890158023553,2480,0,0,0,0,1,0
8152,70.59678606476938,366.4321557048706,1273,0,0,0,0,0,1
7967,34.62997364127024,3576.7747223553256,4941,0,0,1,0,0,0
3876,37.348813209494324,1407.1303421851055,2359,0,1,0,0,0,0
1882,31.18384697130712,461.7040518016118,1099,0,0,0,0,1,0
7111,69.88988890451414,2907.333789404419,4345,0,1,0,0,0,0
5289,74.72036301758367,421.0612207278787,1411,1,0,0,0,0,0
2298,8.41906005221932,631.4034823002715,1335,0,1,0,0,0,0
2910,-22.577319587628867,1407.676442354013,1559,0,1,0,0,0,0
5516,46.4251269035533,2806.8307763856487,2997,0,1,0,0,0,0
4516,66.51837909654562,1137.6897020564566,2623,1,0,0,0,0,0
2421,97.20033044196613,966.9264706291582,1325,1,0,0,0,0,0
4643,116.73314667241009,1315.8493241908245,2836,0,0,0,0,1,0
7315,14.765413533834586,3712.9801424373277,4049,0,0,0,0,1,0
8084,-24.108485898070263,4457.8538342739375,4512,0,0,0,0,0,1
9534,-49.14432557163835,5004.411233747246,5295,1,0,0,0,0,0
9280,-22.290625,3398.1030600628733,5245,0,0,0,1,0,0
4015,20.899128268991284,478.5162221711336,1487,1,0,0,0,0,0
5619,-41.02651717387435,1850.317773367523,3119,0,1,0,0,0,0
5132,85.9421278254092,207.0862484684763,719,0,0,1,0,0,0
6098,62.16923581502132,3584.502182532551,3316,0,0,0,1,0,0
8345,73.0033553025764,4497.551587989564,4613,1,0,0,0,0,0
5749,12.580274830405289,547.6899803034704,1804,0,0,0,0,0,1
1855,44.28625336927224,701.4676624059919,1110,0,1,0,0,0,0
1136,54.44278169014085,179.4112689220102,513,0,1,0,0,0,0
3282,82.32845825716026,2316.0648019750206,2033,0,1,0,0,0,0
8465,67.35617247489664,1359.1172449156295,3831,0,0,0,0,0,1
6552,-3.203907203907204,2992.8290295911065,3510,0,0,0,0,0,1
4395,36.650967007963594,2705.7199857553446,2720,0,0,0,0,0,1
6186,8.624312964759133,960.9860959330671,2718,0,0,0,1,0,0
2419,71.19264158743282,1484.2223146764902,1335,0,1,0,0,0,0
3784,59.758985200845665,407.9806871240361,1316,0,0,0,0,1,0
5906,29.115137148662377,3602.5843317738763,3187,0,0,0,0,0,1
4922,87.71414059325477,2640.446777698531,2962,0,0,0,1,0,0
2813,101.80767863490935,292.0826457277986,945,0,0,0,1,0,0
4185,106.47598566308244,1920.0298179333206,2634,0,0,0,0,1,0
7824,18.477632924335378,3929.7575934935694,4935,0,0,0,0,1,0
9870,-6.725937183383992,3111.7923815548397,5987,0,0,0,0,0,1
4371,86.20704644246167,812.3564559856427,2192,0,1,0,0,0,0
8786,51.97985431368085,1914.0661485948444,4814,0,0,1,0,0,0
7212,32.13865779256794,184.35754997175266,641,1,0,0,0,0,0
9607,104.66389091287603,3006.0588428714836,5307,0,0,0,0,1,0
7697,15.933090814603093,289.1321364032825,1005,0,0,0,0,0,1
8655,-42.45545927209705,4623.813793411084,4968,1,0,0,0,0,0
2980,47.538926174496645,1379.921602247941,1840,0,0,1,0,0,0
7615,1.7772816808929743,5189.023717161502,4505,0,1,0,0,0,0
7876,14.204164550533266,894.175063478739,2826,0,1,0,0,0,0
2682,107.47017151379568,1430.3122388882587,1636,0,0,0,0,1,0
2445,104.55869120654397,841.8240641249217,1489,1,0,0,0,0,0
3965,55.91979823455233,2377.5660050930196,2395,0,0,0,1,0,0
8599,107.24979648796372,5005.511623038887,4720,0,0,0,0,0,1
8541,135.87940522187097,3606.2182518940213,5011,0,1,0,0,0,0
6315,23.884085510688838,654.0223437713065,2126,0,0,0,0,0,1
3136,17.744260204081634,1041.7577407137192,1910,0,0,1,0,0,0
5633,33.84324516243565,2044.6638334531324,3534,1,0,0,0,0,0
4574,104.21184958460866,472.0152989463225,1543,0,0,0,0,0,1
9535,18.02003146303094,1849.4542584596843,4872,0,0,0,1,0,0
3350,44.50955223880597,102.77604865634527,363,0,1,0,0,0,0
4978,88.8555644837284,1820.6725862609583,2682,0,1,0,0,0,0
7445,26.849832102081933,4648.962379982431,4259,1,0,0,0,0,0
8332,71.88466154584734,2799.3572236922005,4939,1,0,0,0,0,0
8767,35.18991673320406,2447.576297910336,5454,0,0,0,1,0,0
7041,53.56384036358472,1123.7715466551413,3163,1,0,0,0,0,0
6975,121.85046594982079,3507.8306157541824,4031,0,0,0,0,0,1
4404,83.92779291553134,1594.818362313847,2434,1,0,0,0,0,0
6213,26.522131015612427,1467.6637479015387,3335,1,0,0,0,0,0
1027,76.90360272638753,523.8231391107482,639,0,1,0,0,0,0
3498,45.13350485991995,2321.684351198896,2153,0,0,0,1,0,0
7804,116.02396207073296,3424.8033962158784,4209,1,0,0,0,0,0
7020,24.18148148148148,4204.49357399772,3750,0,0,0,1,0,0
3807,18.253217756763856,1478.5694232071062,2077,0,1,0,0,0,0
3348,114.91487455197132,698.3057651762509,1748,0,1,0,0,0,0
2002,36.91258741258741,1354.063750423586,1174,0,0,0,1,0,0
2692,112.0976968796434,1175.749548682873,1526,0,0,0,0,0,1
4879,11.405205984832957,981.3719650463862,2512,0,0,0,0,1,0
8972,82.02474364690147,2850.858191189346,5233,1,0,0,0,0,0
1425,2.5719298245614035,674.6931886874122,768,0,0,1,0,0,0
2761,51.957261861644334,672.3997445717426,1495,0,0,0,1,0,0
9385,112.43292488012786,2828.307437102052,5135,0,0,1,0,0,0
6537,137.1678139819489,3383.994792208698,3823,0,0,1,0,0,0
8496,199.76141713747646,6860.87132542875,5278,0,0,0,0,1,0
8741,62.01967738245052,2729.501646397424,5127,0,0,1,0,0,0
2040,9.402941176470588,1027.806130337807,1227,0,0,0,1,0,0
6005,96.2158201498751,1204.1209739679632,3077,0,0,0,0,1,0
1916,33.15396659707724,981.5220492600458,1180,1,0,0,0,0,0
6990,33.855507868383405,1270.563338502955,3381,1,0,0,0,0,0
7955,34.09189189189189,327.0951273775265,1132,0,0,0,1,0,0
2550,42.349411764705884,88.3689273624128,309,0,0,1,0,0,0
2872,40.24268802228412,2085.470398083747,1736,0,0,0,0,0,1
9890,43.99201213346815,4024.770676023324,5553,0,0,0,0,1,0
8243,66.32378988232439,764.1347928590521,2522,0,0,0,0,1,0
3767,60.70931775949031,257.0294780030151,881,0,0,0,1,0,0
8265,107.67949183303085,2769.7791587526617,4655,0,0,1,0,0,0
5376,152.02752976190476,1935.990572263692,3013,0,0,0,0,0,1
3103,74.72510473735095,1655.028604710126,1799,0,0,0,0,1,0
2256,114.66445035460993,1412.1841065501908,1271,0,0,0,1,0,0
2556,62.65766823161189,601.3062064669888,1393,0,0,0,0,1,0
8769,33.124187478617856,3381.418627179129,4999,0,0,1,0,0,0
7198,32.38232842456238,3341.3703121490194,4238,0,1,0,0,0,0
5682,25.501935938049982,1488.059943354303,3291,1,0,0,0,0,0
8974,66.36973478939157,1152.2448933795024,3486,0,0,0,1,0,0
6026,84.04430799867242,1054.3686156928275,2845,0,0,0,1,0,0
4091,35.39110241994622,2590.7485921954826,2574,0,0,0,0,0,1
4923,67.61832216128377,590.9195445667655,1834,0,0,0,0,1,0
6368,72.10788316582915,3425.569481386958,3818,1,0,0,0,0,0
1999,20.45672836418209,1531.6778942027256,1213,0,0,0,0,0,1
3440,41.67936046511628,1012.8104475732586,1994,1,0,0,0,0,0
6746,130.0855321672102,3206.441832833059,3735,0,0,0,0,1,0
5860,82.58430034129692,971.943946451452,2676,0,0,0,0,1,0
3807,32.35723666929341,147.88281888505333,513,1,0,0,0,0,0
5844,233.27446954140999,3843.994567557625,3308,0,0,0,1,0,0
3291,64.14129443938013,1416.747145975571,1734,0,0,1,0,0,0
8359,14.04246919487977,1407.9621820744565,3874,0,0,0,1,0,0
6165,87.81005677210057,1373.529503775409,3387,1,0,0,0,0,0
2240,53.33660714285714,538.1281869816919,1210,0,0,0,0,1,0
6201,83.4331559425899,4046.0067262336743,3795,1,0,0,0,0,0
5163,97.93220995545225,3591.594582848228,3186,0,0,0,0,0,1
9783,83.98579167944393,3955.3427540552216,5587,0,0,0,0,0,1
9440,84.25275423728813,311.5742499532649,1080,0,1,0,0,0,0
1967,73.68835790543976,1502.6732968592157,1212,0,0,0,1,0,0
4411,96.87327136703695,188.63519780393966,649,0,0,0,0,0,1
1044,42.63984674329502,462.9249177620859,625,0,0,0,1,0,0
4463,44.77503921129285,944.4087727902012,2408,0,0,0,0,0,1
1791,42.18816303740927,1171.6603678701708,999,0,0,0,0,0,1
5423,43.68707357551171,1011.5773461609659,2673,0,0,0,0,1,0
9584,63.80665692821369,644.8863780563183,2215,0,0,1,0,0,0
6370,-34.564521193092624,3038.7258785790928,3873,0,0,0,1,0,0
8963,93.876269106326,4521.394634267142,4819,0,0,0,0,1,0
3809,4.565502756629036,2478.1775409290603,2326,1,0,0,0,0,0
4681,67.10852381969664,2344.3912642033806,2830,0,0,0,0,0,1
5012,148.49581005586592,3557.399768974985,3095,0,1,0,0,0,0
6492,47.534966112138015,685.2049404314489,2194,0,0,1,0,0,0
5123,7.016591840718329,2861.171118775224,3209,0,0,0,0,1,0
6750,55.175555555555555,852.0523843195859,2565,0,0,0,1,0,0
2875,84.69495652173913,2059.6445134792066,1679,0,0,0,1,0,0
1299,75.06235565819861,715.428540723387,826,0,0,1,0,0,0
9251,66.8001297157064,4719.073594700526,4978,0,1,0,0,0,0
5742,126.32828282828282,3747.1252981495754,3358,1,0,0,0,0,0
7026,50.957728437233136,414.41256948393533,1425,0,1,0,0,0,0
3178,87.69100062932662,2049.79833867918,1876,0,0,0,1,0,0
6779,75.17937748930521,300.5834945809266,1043,0,0,0,0,0,1
7227,36.96831326968313,2486.2275520145486,4125,0,0,0,0,1,0
5964,102.33953722334005,1762.106442755314,3306,1,0,0,0,0,0
1038,38.11271676300578,131.2821162179727,408,0,0,1,0,0,0
2043,104.02692119432207,746.4891451438453,1187,1,0,0,0,0,0
3736,35.770074946466806,667.1209390320988,1785,1,0,0,0,0,0
8813,142.5667763531147,5821.991234932359,5309,0,0,0,0,0,1
3050,25.53311475409836,918.2282182043263,1726,0,0,0,0,0,1
9385,90.89685668620139,1084.5181171963643,3396,0,0,0,1,0,0
5132,64.70089633671084,2549.3718890002615,2815,0,0,1,0,0,0
3801,13.331754801368062,1570.440853641055,2328,0,0,0,0,1,0
5112,70.608372456964,558.2505856209892,1791,1,0,0,0,0,0
4410,93.43628117913832,2232.3683028547744,2462,0,0,0,1,0,0
9566,47.39912189002718,985.3378774915915,3164,0,0,1,0,0,0
2937,33.595165134490976,635.8502321747408,1604,0,0,1,0,0,0
7975,48.62996865203762,3711.8336475844553,5005,0,0,0,1,0,0
3911,48.291485553566865,439.62284273264464,1382,0,0,0,0,1,0
6919,30.353230235583176,2327.0748935420984,4102,1,0,0,0,0,0
7436,27.491393222162454,3058.1262149894933,4270,1,0,0,0,0,0
9548,22.727796397151234,3939.1050425964795,5395,0,0,0,0,1,0
7148,78.40332960268607,1716.252044034173,4048,0,0,0,0,1,0
2751,12.684114867320973,165.4844407909158,573,0,0,0,0,1,0
8245,11.399757428744694,3853.5418167842968,4579,0,0,0,1,0,0
8383,110.29535965644757,5310.614447314632,5167,0,0,0,0,0,1
5393,38.39440014834044,4202.767111697056,3412,1,0,0,0,0,0
7667,34.42806834485457,2533.586265646537,4515,0,0,0,1,0,0
7633,101.05384514607624,5038.061844740553,4477,0,0,1,0,0,0
7346,91.26177511570923,177.0282661755157,615,1,0,0,0,0,0
8984,83.09617097061442,2888.3950050386575,5388,0,0,1,0,0,0
8748,90.53566529492456,3213.8355859132203,4942,0,0,1,0,0,0
3522,52.92504258943782,1589.0276256449467,1974,0,0,0,0,1,0
3211,38.48458424166926,986.8430082898515,1940,0,1,0,0,0,0
1961,51.448240693523715,845.9355146521128,1222,0,0,0,0,0,1
7814,13.201689275659074,4311.281777013183,4190,0,0,1,0,0,0
2731,-9.821677041376786,984.6296480475544,1672,0,0,1,0,0,0
5601,79.94929476879129,1320.9940141541604,3076,0,0,0,1,0,0
6702,111.27350044762757,2220.1508321168412,4150,0,0,0,0,1,0
3119,40.8794485411991,1147.4179810775079,1880,0,0,0,0,1,0
7041,-44.47919329640676,3670.7455467631303,4157,0,0,1,0,0,0
1068,28.290262172284645,202.08350616323722,503,0,0,1,0,0,0
9343,49.90977202183453,4038.842528235502,5047,1,0,0,0,0,0
7299,-8.340594602000275,2742.6989013310144,3845,1,0,0,0,0,0
4494,39.50378282153983,280.21839479964217,953,0,0,0,0,1,0
2733,35.63519941456275,326.2177227999651,997,0,1,0,0,0,0
1972,64.22718052738337,1017.445504225421,1027,1,0,0,0,0,0
1399,76.26590421729807,239.50106149793066,658,0,0,0,0,0,1
5877,43.234133061085586,4389.523778945387,3651,0,0,0,1,0,0
1885,29.157559681697613,365.57115242130226,950,0,0,0,1,0,0
2133,53.94608532583216,627.6877057720731,1227,1,0,0,0,0,0
2700,22.784444444444443,775.8013430680388,1586,0,0,1,0,0,0
2646,17.87037037037037,78.78090531317922,273,0,0,0,1,0,0
6119,42.08400065370159,411.4250277912119,1404,0,0,1,0,0,0
1151,82.96785403996525,78.19654785276587,262,0,0,0,1,0,0
2178,98.20752984389348,1020.633110334992,1354,1,0,0,0,0,0
7837,54.33112160265408,4150.846185797817,4631,0,0,1,0,0,0
9844,92.08685493701748,1113.9262282981379,3522,0,0,0,1,0,0
8082,71.91388270230141,5676.299839016436,4762,0,0,1,0,0,0
2794,4.666785969935576,1397.4418875922793,1646,1,0,0,0,0,0
7067,117.25145040328286,5360.294028757926,4441,0,0,1,0,0,0
2105,41.39857482185273,482.2764056009728,1160,0,0,0,0,0,1
6551,98.02167607998778,1058.121274762646,2986,0,0,0,1,0,0
1931,80.63283272915588,785.6444928362827,1191,0,0,0,1,0,0
7030,92.53698435277383,1181.6996901047874,3215,0,0,0,1,0,0
9695,44.43424445590511,4165.202153789419,5143,0,0,0,0,0,1
5478,101.66757940854326,1260.9107061932327,2958,0,1,0,0,0,0
3041,62.93883590924038,1168.382924900384,1836,0,1,0,0,0,0
7660,35.41514360313316,2539.6895453310076,4152,0,0,0,0,0,1
7386,15.064987814784727,2611.308387227397,4621,1,0,0,0,0,0
3821,68.73750327139493,284.2426733174874,978,0,0,1,0,0,0
8002,39.875906023494124,5628.313669433452,4965,0,1,0,0,0,0
9727,59.673074946026524,3330.2511922423378,5410,0,0,0,0,0,1
3295,61.29681335356601,278.36138982159736,926,0,0,1,0,0,0
5154,-5.73302289483896,2764.6389051784486,2786,0,0,0,0,0,1
6862,88.05290002914602,440.48819790272455,1505,0,0,0,0,1,0
2775,47.325405405405405,1208.2743720924757,1643,0,0,0,1,0,0
7567,47.73133342143518,572.9670321020994,1948,0,0,0,1,0,0
9351,46.94813388942359,1997.076766302777,5098,0,0,0,0,1,0
7374,24.432058584214808,396.34370220407294,1366,0,0,1,0,0,0
8194,108.05015865267269,4158.180000120028,4434,0,0,1,0,0,0
2978,80.19408999328408,1556.5501473625989,1873,0,0,0,0,1,0
6238,34.40654055787111,3939.5460629305317,3525,0,0,1,0,0,0
5789,130.15063050613233,4229.285009910185,3581,0,0,0,1,0,0
8777,58.05058676085223,671.8974091818241,2275,0,0,0,0,0,1
7281,142.88106029391568,3444.3558135895582,4230,0,0,0,1,0,0
7691,44.37849434403849,3970.732050671448,4240,0,1,0,0,0,0
7121,95.15348967841595,5857.253369672925,4468,1,0,0,0,0,0
1593,13.070935342121782,726.942992859645,993,1,0,0,0,0,0
9041,114.77048999004535,1742.0918263074154,4505,0,1,0,0,0,0
9882,195.27018822100788,4148.607725974477,5734,0,1,0,0,0,0
3761,43.9423025791013,2758.678492187823,2333,0,0,0,1,0,0
5373,59.54457472547925,1571.937995267864,2988,0,0,0,0,1,0
2897,67.77321366931308,829.4944832171817,1786,0,0,0,1,0,0
3717,70.39924670433145,563.6913647312296,1598,0,0,0,1,0,0
2568,67.65693146417445,846.0794246511366,1581,0,0,0,1,0,0
8934,48.293261696888294,3223.784595704966,5037,0,0,0,0,1,0
4718,85.1396778295888,1047.560463932255,2667,1,0,0,0,0,0
6435,62.54250194250194,457.69947509140343,1537,0,0,0,0,0,1
2204,111.46506352087114,1014.9790589754808,1315,0,0,0,0,1,0
1802,43.05771365149833,445.9251677924091,972,0,0,0,0,1,0
9524,-19.94120117597648,6487.669207894127,5565,0,1,0,0,0,0
6896,-5.964327146171693,4644.594354639066,3963,0,0,1,0,0,0
7597,-31.704225352112676,2180.201870511527,4504,0,0,0,0,0,1
4153,56.064050084276424,1158.4578046620607,2586,0,0,0,0,0,1
4740,73.91962025316455,1255.9624752832733,2817,0,0,1,0,0,0
3968,9.69430443548387,839.5780841727621,2107,0,0,0,1,0,0
7346,-8.297849169616118,1697.0692139695627,4043,0,0,1,0,0,0
9101,92.7520052741457,5700.353766371151,5624,1,0,0,0,0,0
4219,82.50177767243423,1200.378343092188,2508,0,0,1,0,0,0
1949,75.2365315546434,1436.4265513894754,1207,0,0,0,0,0,1
6906,60.798436142484796,301.65983133421895,1044,0,0,0,0,0,1
4315,73.13951332560835,1106.6427049777233,2539,1,0,0,0,0,0
7297,21.87405783198575,4881.666261730946,4229,0,1,0,0,0,0
5403,42.48176938737738,1878.231469612658,3365,0,0,0,1,0,0
1398,101.77110157367667,443.8556396672816,830,0,0,0,0,1,0
4585,67.04034896401309,1814.659329555117,2512,1,0,0,0,0,0
8505,34.32663139329806,3365.8903463929087,5136,0,1,0,0,0,0
7579,75.38567093284074,303.8114562268347,1043,0,0,1,0,0,0
5673,114.70527057994006,3843.251858483525,3307,0,0,0,0,0,1
9090,36.740154015401544,3291.5506626882293,5227,0,0,0,0,0,1
5860,44.25665529010239,4227.028464447279,3550,1,0,0,0,0,0
6303,109.2759003649056,1550.9049964397552,3623,1,0,0,0,0,0
6105,126.74922194922195,3449.9778786233974,3338,0,0,0,0,0,1
3391,44.83485697434385,228.4206926570893,784,0,0,0,0,1,0
1063,90.16462841015992,477.4546716601994,661,0,0,0,1,0,0
1238,31.88529886914378,56.02823336603679,194,0,0,0,0,1,0
4340,-8.371428571428572,1117.5577712937552,2540,0,0,0,0,0,1
5007,16.95646095466347,2420.777357272416,2759,0,0,0,1,0,0
7748,110.01200309757357,5153.696930040292,4448,0,0,0,1,0,0
7725,21.77760517799353,2008.9821099696444,4473,1,0,0,0,0,0
8277,34.40691071644316,2104.013649303015,4451,1,0,0,0,0,0
5428,79.83198231392778,3029.0873022158135,2964,0,0,0,0,0,1
2522,64.1336241078509,1111.1781974580924,1546,0,0,0,0,0,1
7458,54.759721104853845,226.54254921541212,790,0,1,0,0,0,0
5493,-3.5832878208629166,4528.4268752946555,3471,0,0,0,0,1,0
2208,46.0625,1353.5996596727607,1232,0,0,0,1,0,0
4440,3.082657657657658,2595.5375301505396,2771,0,1,0,0,0,0
6015,75.75261845386534,2892.648707376797,3248,0,0,1,0,0,0
9579,197.55318926819083,7761.988401286814,5974,0,0,0,1,0,0
9740,64.6534907597536,3934.0236419672965,6165,0,1,0,0,0,0
2589,82.88528389339514,783.6916361080567,1433,0,0,0,0,1,0
6144,121.03011067708333,3790.5635057320806,3811,0,0,1,0,0,0
2449,95.26092282564312,600.6719560656396,1419,0,0,0,0,1,0
6037,77.72188172933576,1388.8920924006957,3298,0,0,1,0,0,0
8920,50.228699551569505,1634.1201989457031,4408,0,1,0,0,0,0
1046,68.95219885277247,70.23580611588523,242,0,1,0,0,0,0
3339,72.96376160527105,2577.1390325080747,2077,0,0,0,0,1,0
5146,62.57617567042363,2175.1927706113065,2960,0,1,0,0,0,0
5410,58.67707948243993,1603.8145860436168,3058,0,0,1,0,0,0
6629,68.6824558756977,419.1993943609135,1446,0,0,0,0,0,1
9543,0.8843131090851933,2811.6993122965155,5442,0,0,0,0,0,1
1078,16.821892393320965,329.2960668335417,578,0,0,1,0,0,0
8251,67.907889952733,1188.9620133762774,3406,0,0,1,0,0,0
9414,14.398767792649245,4540.965484081681,5377,1,0,0,0,0,0
7037,87.02742646013927,4401.523694341189,4152,0,0,0,1,0,0
7431,59.73449064728839,5177.400742068477,4638,0,0,0,0,1,0
9367,111.42179993594534,2638.2477520673456,5555,0,0,0,0,0,1
9663,3.6697712925592465,7692.188482206286,5962,0,0,1,0,0,0
9253,-38.68518318383227,5272.0050766222,5011,0,0,0,1,0,0
2474,62.43330638641876,1219.2586476034037,1402,0,1,0,0,0,0
1760,68.57784090909091,152.6562972076701,511,0,1,0,0,0,0
9886,57.64545822375076,2029.0180166545756,5100,0,0,0,0,1,0
7449,80.65028862934622,3617.702040963177,4036,0,0,1,0,0,0
8658,31.11030261030261,3874.0304163569126,4868,0,0,0,0,1,0
2064,18.407945736434108,1151.1011947340949,1233,0,1,0,0,0,0
9775,173.02066496163684,7037.347742355523,6076,0,0,0,0,0,1
7688,89.74531737773152,175.14914683869512,613,0,0,0,1,0,0
3581,76.7777157218654,126.4915866438649,437,0,0,0,1,0,0
8569,48.28754813863928,300.06720985992087,1045,1,0,0,0,0,0
7848,46.98967889908257,5466.2753595890745,4622,0,1,0,0,0,0
3258,68.11510128913444,465.641393408135,1359,0,1,0,0,0,0
5881,134.16459785750723,4474.143016238039,3702,0,1,0,0,0,0
1350,26.793333333333333,133.65982620346603,426,0,1,0,0,0,0
3238,42.82828906732551,2247.8441079351956,2038,0,0,0,0,0,1
4554,103.23034694773825,2514.416456492673,2481,0,0,0,1,0,0
3032,97.8542216358839,1489.8926325695688,1636,1,0,0,0,0,0
6387,7.2721152340692035,3469.7648927107316,3420,0,0,1,0,0,0
9340,31.42323340471092,3759.1283760378565,5737,0,0,0,0,0,1
4882,60.44141745186399,2757.597564564498,3077,0,0,0,0,0,1
9308,30.971100128921357,1070.1435474773193,3384,0,0,0,0,1,0
2220,103.19369369369369,1256.7612709709363,1399,0,0,1,0,0,0
5769,112.32501300052002,3473.3062037521986,3120,1,0,0,0,0,0
7047,81.94536682276146,4503.029856838647,4255,0,0,1,0,0,0
9999,28.563756375637563,5715.268919534127,6047,0,0,1,0,0,0
4812,112.94513715710723,2211.6996900615445,2581,0,0,1,0,0,0
4206,82.70114122681883,1010.5449883124243,2248,0,1,0,0,0,0
5065,79.94136229022705,397.92332933436927,1344,1,0,0,0,0,0
2714,57.86772291820191,604.1932066139078,1481,1,0,0,0,0,0
5548,26.215212689257392,3833.1386906669914,3349,0,0,1,0,0,0
2437,113.27492819039803,1261.062693796349,1401,0,1,0,0,0,0
4985,64.91955867602809,892.5622808657549,2428,0,0,0,0,1,0
2411,65.75819162173372,413.0014195534676,1120,0,1,0,0,0,0
1017,49.150442477876105,280.44450947222674,582,0,1,0,0,0,0
5229,55.891757506215335,3822.3663748923864,3240,0,0,0,1,0,0
2281,12.253836036825954,1036.1464242813588,1430,0,1,0,0,0,0
8669,39.84427269581266,3700.169779922281,5470,0,0,0,1,0,0
3835,46.4844850065189,1392.49641261531,2088,0,0,0,1,0,0
8450,74.3821301775148,4716.9416329493715,4893,0,0,0,0,0,1
1680,67.81130952380953,1288.8485247510844,1038,1,0,0,0,0,0
7753,58.55888043338063,1506.0935764008589,3845,0,0,0,0,1,0
4768,77.36765939597315,971.4415407268328,2475,0,0,0,0,1,0
5084,-13.3198269079465,2649.0460233049957,2779,0,1,0,0,0,0
4840,-9.96404958677686,2770.1689640916597,2857,0,0,0,0,1,0
2240,31.238839285714285,168.30082179392318,576,0,0,0,0,1,0
9156,104.07634338138925,2748.799953611672,5385,0,0,1,0,0,0
1150,87.78521739130434,36.01748305784715,130,0,0,0,0,1,0
3792,55.36181434599156,1598.3874460326203,2105,0,0,0,0,1,0
1757,42.254980079681275,1000.2148789536212,1007,0,0,0,1,0,0
8625,61.54933333333334,3341.162836425105,5039,0,0,0,0,0,1
7718,89.8609743456854,4992.903390346253,4370,0,1,0,0,0,0
3512,39.99914578587699,509.2996774451556,1496,0,1,0,0,0,0
2657,101.06925103500188,603.1629375759632,1476,0,0,0,1,0,0
2197,84.43104233045061,853.4671856913126,1358,0,0,0,1,0,0
6032,46.19181034482759,3619.854975861025,3294,0,0,0,1,0,0
7941,97.06371993451707,3254.053975021515,4978,0,0,0,0,0,1
1766,111.18120045300114,760.5272177464133,961,0,0,0,0,0,1
9106,75.39874807819021,1993.4168006986042,4992,0,0,0,1,0,0
5131,76.85538881309687,415.84659187585163,1406,0,0,0,0,1,0
2466,25.52270884022709,178.28675657568556,603,0,0,1,0,0,0
5158,72.35595191934858,3614.2038886099986,3051,0,0,0,0,1,0
1741,66.60597357840322,721.2554540791953,945,0,0,1,0,0,0
2685,41.890875232774675,245.097394107532,798,1,0,0,0,0,0
1304,2.5329754601226995,873.4322689026733,810,0,0,0,0,0,1
6574,200.8122908427137,4732.839095213512,3896,0,0,1,0,0,0
2654,67.49434815373021,349.3693011650307,1062,0,0,0,1,0,0
2090,31.47224880382775,638.9460119350227,1118,0,1,0,0,0,0
2443,-25.507981989357347,1555.0725051760853,1468,1,0,0,0,0,0
9237,30.114755873118977,6655.8020228949235,5476,0,0,1,0,0,0
3001,59.09863378873709,1434.3496574945784,1741,0,0,0,0,1,0
6557,59.83056275735855,3354.0805920215594,3864,0,0,0,0,1,0
1780,25.2438202247191,675.8437108167645,956,1,0,0,0,0,0
3111,26.35390549662488,939.4050216559025,1684,0,0,0,1,0,0
3524,98.25766174801362,2398.0908245386404,2076,1,0,0,0,0,0
3690,98.01246612466124,1687.5169699780317,2298,0,1,0,0,0,0
7885,82.40748256182626,4170.139031481373,4206,1,0,0,0,0,0
8315,74.5195429945881,2432.0230768334955,5052,0,1,0,0,0,0
4398,22.08481127785357,344.97214872171554,1166,0,0,0,1,0,0
3962,-6.609035840484604,2178.102337675229,2439,0,0,0,1,0,0
4256,33.47109962406015,200.59495766521184,696,0,0,0,0,0,1
3026,106.78651685393258,349.5133639357612,1110,0,0,0,0,0,1
4440,28.127477477477477,165.44923954678623,575,0,1,0,0,0,0
9423,141.03937174997347,6129.2077146406755,5718,0,0,0,0,1,0
9081,38.07543222112102,3658.7616737169283,5046,0,0,1,0,0,0
7349,72.2765002041094,2667.0585839121095,4396,0,0,0,0,1,0
2237,18.392489941886456,827.457880084651,1176,0,1,0,0,0,0
2130,79.89718309859155,1074.8010298413067,1181,0,1,0,0,0,0
6105,75.53480753480754,1908.4708217453742,3697,0,0,1,0,0,0
4777,63.36801339752983,2983.1107222368814,2766,1,0,0,0,0,0
8973,63.05862030536053,915.656159302751,2935,1,0,0,0,0,0
7418,-53.90280399029388,5130.675760550239,4467,0,0,0,0,0,1
6800,171.22411764705882,3139.7530290764603,3798,0,0,0,1,0,0
1629,32.22774708410068,63.837060971569684,218,0,1,0,0,0,0
9242,-22.19530404674313,4862.955278638061,5284,0,0,1,0,0,0
7172,42.93390964863357,4632.578279200636,4491,1,0,0,0,0,0
6437,107.79120708404537,4179.798470266256,3814,0,0,0,0,0,1
6432,101.18143656716418,415.99421930472926,1424,0,1,0,0,0,0
3596,-16.916017797552836,1890.869233570696,2061,0,1,0,0,0,0
1499,66.87591727818545,45.63268757363107,161,0,0,1,0,0,0
7274,141.60723123453397,3021.8265239211833,4573,1,0,0,0,0,0
9804,52.970420236638105,4896.419683148833,5250,1,0,0,0,0,0
6220,83.19019292604501,515.4588786967337,1739,1,0,0,0,0,0
6317,92.65759062846288,3023.976277030169,3764,0,0,0,0,1,0
1133,70.18799646954987,553.5678172488815,684,0,0,0,1,0,0
2298,89.4656222802437,1043.3504663958938,1285,0,0,0,0,1,0
9267,92.6620265458077,3174.266543415084,5421,0,1,0,0,0,0
3325,-17.195187969924813,1778.6125791931368,1894,0,0,0,0,0,1
7266,93.8589320121112,2671.8695762069997,4551,0,0,0,0,0,1
1094,77.50457038391225,111.8058657873092,365,0,0,0,0,0,1
2997,59.60326993660327,1137.9246446607283,1859,0,0,0,0,1,0
9577,52.9780724652814,5791.91271643808,5943,0,0,1,0,0,0
2645,-16.629489603024574,1012.3713965608657,1595,0,0,0,0,0,1
9879,128.05536997671828,7242.876296760729,5989,0,0,1,0,0,0
2312,38.759515570934255,720.9152524144424,1371,1,0,0,0,0,0
8051,75.94634206930816,310.5966841239107,1078,0,0,0,0,1,0
7991,31.584157176823926,3992.338736010538,4717,0,0,0,0,1,0
8794,20.88037298157835,3073.874323418127,4686,0,0,0,0,0,1
9691,92.9940150655247,3584.7771247196392,5900,1,0,0,0,0,0
7174,24.917061611374407,1181.6043777184896,3272,0,0,0,0,1,0
4203,89.10944563407091,1077.6537295011926,2465,1,0,0,0,0,0
5864,33.32725102319236,4196.456515277968,3718,0,0,0,1,0,0
8493,-1.9282938890851289,3621.1554874552417,4694,0,0,0,1,0,0
3859,44.53407618554029,2291.6913116089186,2238,1,0,0,0,0,0
3611,55.64054278593188,1219.4155744600841,2045,1,0,0,0,0,0
2537,78.2455656286953,99.31471144193675,343,0,0,0,0,0,1
3886,90.13201235203294,191.7749992947977,670,0,0,0,0,1,0
1269,22.469661150512213,182.98797921556223,528,0,0,0,1,0,0
1452,41.34710743801653,94.92309145055884,330,0,1,0,0,0,0
9201,68.098141506358,3568.5878746994645,4999,0,0,0,0,1,0
1228,28.457654723127035,641.9509002288239,731,0,0,0,1,0,0
7126,12.230002806623633,1462.2698856089742,3781,0,0,0,1,0,0
8454,49.70085166784954,1848.0979482466414,4517,0,0,1,0,0,0
8825,36.85586402266289,585.4818332551793,1979,0,0,0,0,1,0
7476,113.60139111824505,3701.5374483531023,4195,1,0,0,0,0,0
4831,47.33450631339267,1788.9235590695653,2573,0,0,0,0,1,0
1972,46.19574036511156,728.9215221256408,1225,1,0,0,0,0,0
9762,73.9560540872772,2817.622516152714,5422,0,0,0,1,0,0
4306,14.644914073385973,1524.8837242624697,2395,0,0,0,0,1,0
5230,56.448948374760995,3916.41590287063,3264,0,1,0,0,0,0
7671,76.78659887889454,1877.3685165547977,4419,0,0,0,0,1,0
4951,11.977984245606947,1721.885304173069,2767,0,0,1,0,0,0
4764,49.49748110831234,636.3673865506934,1936,0,0,0,1,0,0
2105,63.23040380047506,920.9459897492517,1227,0,0,1,0,0,0
7898,110.45872372752595,2754.571730315444,4916,0,0,0,1,0,0
5883,8.537820839707631,2518.6434455413278,3200,0,0,0,1,0,0
3556,31.27390326209224,1303.6609420632124,2187,0,1,0,0,0,0
8111,-20.275058562446063,4944.827979084566,4568,0,1,0,0,0,0
4798,50.83722384326803,1764.3754921847624,2810,0,0,1,0,0,0
9839,64.37524138631974,924.1155760988421,3008,0,0,1,0,0,0
4120,78.3378640776699,775.5427031386179,2070,1,0,0,0,0,0
2405,57.7006237006237,1071.359100014856,1473,0,1,0,0,0,0
8343,126.14275440489033,2031.143643885166,4770,0,0,1,0,0,0
1071,31.219421101774042,672.3485181205498,596,0,0,0,0,0,1
2154,25.323119777158773,1026.180520242279,1229,1,0,0,0,0,0
2066,51.706679574056146,1329.8329932935899,1196,0,1,0,0,0,0
3426,-2.456217162872154,586.9433565301101,1600,0,0,0,0,1,0
5919,147.93461733400912,1667.5247311887222,3602,0,0,0,0,0,1
7791,44.576049287639584,1596.747690896358,4151,0,0,0,0,1,0
9496,99.97177759056444,6359.072589377399,5965,0,0,0,0,1,0
8860,82.00756207674944,2223.5747658011414,5173,0,0,0,1,0,0
8150,87.04785276073619,1457.0334504557275,3885,1,0,0,0,0,0
8825,21.547195467422096,1454.5003199737528,4095,0,0,0,0,1,0
5718,71.59478838754809,3226.536152365131,3360,0,0,1,0,0,0
1057,29.013245033112582,541.4443959292826,570,0,1,0,0,0,0
2874,59.24739039665971,870.7000389318379,1582,0,0,1,0,0,0
1958,80.72625127681307,878.821374227507,1125,0,0,0,0,1,0
6205,-3.9659951651893635,3796.2332535080463,3622,0,0,0,1,0,0
9687,130.11520594611335,7780.112479482306,6003,0,0,0,0,0,1
7410,-17.77570850202429,3242.023575214087,4295,0,0,0,1,0,0
7643,80.0612325003271,764.875923603859,2470,1,0,0,0,0,0
6011,11.567293295624689,683.8746877238376,2172,0,1,0,0,0,0
3863,128.19570282164122,2635.5299729218546,2208,1,0,0,0,0,0
5331,20.05477396360908,678.2871975919809,2095,0,0,0,1,0,0
4686,107.86555697823303,1467.9721824644048,2927,0,1,0,0,0,0
3442,38.896862289366645,1036.1755882176908,2146,0,0,0,1,0,0
2917,71.94549194377785,276.3049124417273,920,0,0,0,0,1,0
6334,-25.872118724344805,2993.2688690864834,3645,0,0,0,0,0,1
9430,42.29544008483563,1237.9401219723688,3714,0,1,0,0,0,0
3122,95.53171044202435,93.48277522360021,327,1,0,0,0,0,0
2616,34.83868501529052,306.94036985079424,965,1,0,0,0,0,0
1210,52.97685950413223,619.7903640201952,755,0,0,0,0,1,0
5086,92.33582383012191,511.3026028043147,1647,0,0,0,0,0,1
2750,52.25818181818182,77.29994635046731,267,0,0,0,0,1,0
6297,82.24281403843099,411.13516645653453,1409,0,1,0,0,0,0
5614,126.22889205557534,3622.2685005299086,3179,0,1,0,0,0,0
8118,37.88470066518847,2384.581991816071,5116,0,0,1,0,0,0
9343,-26.632666167183988,3241.695146528076,5630,0,1,0,0,0,0
9786,40.62752912323728,4154.2459328407085,6142,0,0,0,0,0,1
7884,18.39142567224759,2140.8846392477026,4603,0,0,0,1,0,0
2468,69.09886547811993,1012.2758995000322,1331,1,0,0,0,0,0
1901,86.69016307206734,331.04153659488776,900,0,0,1,0,0,0
7714,56.19185895773918,2276.736333125581,4616,0,0,1,0,0,0
1681,64.82629387269482,937.1342539473001,989,0,0,0,0,1,0
4770,47.62662473794549,136.8487711579231,475,0,1,0,0,0,0
9522,-58.84856122663306,7774.08340615688,5837,1,0,0,0,0,0
8993,54.15434226620705,974.6133247888008,3119,0,0,0,1,0,0
7129,35.56824239023706,4746.368277114798,4144,0,1,0,0,0,0
6151,119.56332303690456,2920.278700849174,3721,1,0,0,0,0,0
1902,42.77655099894847,1250.2611912256793,1079,1,0,0,0,0,0
6856,1.9002333722287048,4744.213113979152,4023,0,0,0,0,0,1
4809,5.69785818257434,2078.782727710233,2781,0,0,0,0,0,1
4536,64.06547619047619,1861.303770385463,2470,0,0,0,1,0,0
8082,89.61643157634249,2874.647278082998,4993,0,0,0,1,0,0
2184,83.5521978021978,882.0075902262868,1389,0,1,0,0,0,0
9874,28.174701235568158,4120.642261728533,5741,0,0,0,0,0,1
4099,114.54793852159064,2674.5734764864255,2339,1,0,0,0,0,0
6144,94.68473307291667,1189.7446983781874,3069,0,0,1,0,0,0
9583,65.81655014087447,929.6320630603526,3038,0,0,0,0,0,1
4703,74.45205188177759,2448.2194169674317,2802,0,0,1,0,0,0
2044,78.7421722113503,1353.6279220786257,1155,0,0,0,0,1,0
5481,-13.912972085385878,3022.5282557236746,3049,1,0,0,0,0,0
1499,15.459639759839893,1018.4568734811,944,0,0,0,0,0,1
4054,59.429699062654166,3207.2045833764705,2513,0,0,0,0,1,0
2453,49.65348552792499,1123.0159827256584,1511,1,0,0,0,0,0
2235,83.19731543624161,1209.7289559024969,1355,0,0,0,1,0,0
4357,16.0059674087675,1827.4778792347201,2449,1,0,0,0,0,0
3560,62.71741573033708,280.7726667089402,937,0,1,0,0,0,0
9798,69.4573382322923,2825.6369302894186,5603,0,0,0,0,1,0
9709,63.601709753836644,2893.4004642736436,5459,1,0,0,0,0,0
5640,70.13421985815603,2481.9797935594706,3165,0,0,0,1,0,0
6887,25.642079279802527,2829.8860044409207,3934,0,0,0,0,0,1
1625,57.41907692307692,104.60449058934144,366,1,0,0,0,0,0
4402,42.81940027260336,2596.7638949089296,2727,0,0,1,0,0,0
1979,13.219302678120263,1147.1855885357134,1064,0,0,0,0,0,1
3323,-1.4577189286789045,1492.642637598814,2090,0,0,0,0,1,0
5008,82.5401357827476,707.7628986274034,2134,0,1,0,0,0,0
9523,59.95243095663131,1998.5773452538183,5099,0,0,1,0,0,0
4338,-26.30129091747349,2885.2489360634104,2758,1,0,0,0,0,0
4512,-2.987367021276596,1848.377872212288,2797,1,0,0,0,0,0
6501,23.074142439624673,2263.3651124149446,3496,0,0,0,1,0,0
6055,-33.71048720066061,2962.3198299882943,3695,0,1,0,0,0,0
9996,96.5843337334934,5336.962561527289,6015,0,0,0,0,0,1
8388,109.87410586552217,3898.0644000130983,4452,0,0,0,0,0,1
8225,64.37920972644378,1502.7124127827287,3998,0,0,0,1,0,0
5797,65.38571675004313,2255.7347794287803,3363,0,1,0,0,0,0
5500,20.242,2791.082736238199,3055,0,0,0,0,0,1
5210,-7.430518234165067,2492.7507200428226,3240,1,0,0,0,0,0
9865,25.93502280790674,5669.957903441322,5791,0,0,1,0,0,0
9422,71.49989386542136,449.2659778573305,1551,1,0,0,0,0,0
6156,66.59616634178037,2777.0041597016466,3719,0,0,0,0,1,0
3656,112.2800875273523,869.0790050767537,2081,0,0,1,0,0,0
1987,74.48263714141922,1304.9447522085172,1222,0,0,0,0,0,1
8631,-44.50561927934191,4490.42108191758,4828,0,0,1,0,0,0
4237,45.000236016049094,1806.8749701234628,2284,0,0,0,0,1,0
9470,62.1714889123548,796.2435226488793,2659,0,0,1,0,0,0
1503,67.76713240186294,152.78287573108594,504,0,0,0,1,0,0
3558,70.13771781899943,240.905777717282,824,0,1,0,0,0,0
5565,59.39047619047619,1048.6898219143472,2742,0,0,1,0,0,0
9553,69.52077881293835,1665.8243897010493,4493,0,1,0,0,0,0
6088,52.8712220762155,4285.197325265765,3706,0,0,0,0,1,0
2031,79.06105366814377,1147.0638737629417,1195,1,0,0,0,0,0
7612,63.31686810299527,3475.855770009574,4412,0,0,1,0,0,0
8266,63.17227195741592,2128.3118923437396,4971,0,0,0,1,0,0
2043,46.99069995105237,351.89117262050286,968,0,1,0,0,0,0
5045,56.463032705649155,2487.6750960723452,3023,0,1,0,0,0,0
3621,113.13256006628004,1026.9079010135667,2023,0,0,0,1,0,0
5093,81.36815236599254,1013.4453680306516,2559,0,0,0,0,1,0
6298,18.804223563035883,285.51225145344984,990,0,0,0,1,0,0
3983,55.22119005774542,1572.75549749994,2244,0,1,0,0,0,0
3617,28.173071606303566,124.72958159803916,438,0,0,0,0,1,0
9315,133.3556629092861,5405.462118428131,5287,0,0,0,0,1,0
8027,5.3728665753083344,5640.49378385457,4735,0,0,0,0,0,1
9153,100.8945700863105,4443.768963974748,4961,0,0,0,0,1,0
9430,60.30646871686108,476.16474156959714,1649,0,1,0,0,0,0
4280,-30.059345794392524,2733.5371567133093,2579,0,1,0,0,0,0
3937,17.445516891033783,1963.6278704622025,2393,0,0,0,1,0,0
9375,32.04416,901.2386823902763,2965,0,0,0,0,0,1
1626,42.40036900369004,1207.7731555640805,1005,0,0,0,1,0,0
8967,17.770491803278688,3739.0671249138586,5194,0,0,0,1,0,0
3214,119.6172993154947,2154.235222602064,1851,0,0,0,0,1,0
8904,43.808737646001795,3151.5396139979593,5171,0,0,0,1,0,0
2939,16.084382443007826,262.65781015905117,866,1,0,0,0,0,0
9993,74.04032822976083,5808.754161342138,6188,0,0,1,0,0,0
7169,7.278699958153159,5753.426120400973,4514,0,0,0,0,1,0
8673,27.771589991928973,1683.9383621532568,4363,0,0,1,0,0,0
9481,128.141018879865,6330.754845520942,5513,0,0,0,0,1,0
6069,73.75135936727632,1898.9456377542867,3432,0,0,0,0,1,0
9256,93.03921780466725,3209.512123139379,5398,0,1,0,0,0,0
4897,-25.064937716969574,3760.717891424847,3052,1,0,0,0,0,0
9141,143.85789300951757,2815.022892944663,5542,0,1,0,0,0,0
5149,31.94697999611575,1770.727630641147,2816,0,0,0,1,0,0
6906,29.405154937735304,1390.4954760940461,3552,0,0,0,0,0,1
4447,22.758263998201034,706.9148331452983,1970,0,0,0,0,1,0
7764,60.26622874806801,1715.3967475131876,4215,0,0,1,0,0,0
4306,83.36925220622388,274.0101413602697,937,0,0,0,0,0,1
2548,47.36185243328101,1110.3298656994111,1353,0,0,0,0,1,0
6739,41.91927585695207,2727.619524925266,3660,0,1,0,0,0,0
5348,33.602655198204936,3005.166066875391,3192,0,0,0,1,0,0
8046,66.42741735023614,5176.873139766308,4479,0,0,0,0,0,1
7301,63.824818518011234,4238.891082685117,3981,0,0,1,0,0,0
5575,107.5142600896861,3344.7351528099184,3439,0,1,0,0,0,0
7517,77.37036051616336,3162.7036116297936,4346,0,0,1,0,0,0
1254,47.91547049441786,678.4199375567757,676,0,0,0,0,0,1
7510,57.62490013315579,3385.061007074614,4456,0,0,1,0,0,0
5026,-33.94050935137286,4099.470808423333,3129,0,1,0,0,0,0
1391,80.68296189791516,313.2342120414692,782,0,0,0,1,0,0
6530,88.15972434915773,1715.2564446206836,3983,0,1,0,0,0,0
8918,61.936644987665396,491.878483809987,1690,0,0,1,0,0,0
6961,91.7322223818417,2440.8412954734736,4063,0,0,1,0,0,0
2935,-2.2211243611584326,765.3496586506664,1714,0,1,0,0,0,0
8310,41.4488567990373,380.16448903088394,1315,1,0,0,0,0,0
6653,44.947091537652184,1579.7339558665042,3802,0,0,0,1,0,0
3125,54.55136,1084.9438366303348,1908,1,0,0,0,0,0
1123,79.79964381121995,116.46506827414429,376,0,0,0,0,1,0
4544,-5.305017605633803,2622.997496382938,2607,0,0,0,0,1,0
4295,19.944121071012805,2067.1894921394814,2539,0,0,1,0,0,0
9955,60.29984932194877,2373.494327980854,5285,0,0,0,0,1,0
7641,10.363826724250753,5595.017845816824,4480,0,0,0,0,0,1
8215,151.13998782714546,4797.797378570747,4798,0,1,0,0,0,0
6017,123.82250290842613,3583.862576605888,3551,0,0,0,0,1,0
9555,64.60669806384092,4827.126995063967,5449,0,1,0,0,0,0
9428,55.51209164191769,3904.5869265783235,5021,0,0,1,0,0,0
5074,32.497635001970835,192.71810943116813,664,1,0,0,0,0,0
6932,33.27567801500288,197.60848955487577,693,0,1,0,0,0,0
6163,13.347558007463897,1487.948737901241,3355,0,0,0,1,0,0
2778,76.88048956083513,1408.7968208643551,1657,0,0,0,0,0,1
3802,96.57075223566544,1269.3293891773171,2140,0,0,0,0,0,1
3082,93.51719662556782,1136.3216833577428,1774,0,0,0,0,1,0
4884,73.20618345618345,2223.613221465445,2950,0,0,1,0,0,0
7747,29.911191428940235,360.4362861416534,1260,1,0,0,0,0,0
4672,1.9507705479452055,2224.2627040823363,2686,0,0,0,0,0,1
1091,107.49862511457378,556.1142791081618,624,1,0,0,0,0,0
7905,56.202530044275775,669.0223689377482,2233,0,0,0,1,0,0
8159,44.25064346120848,2154.3683599437045,4759,0,0,1,0,0,0
6390,43.54037558685446,2028.6528999007976,3431,0,0,1,0,0,0
5596,90.87616154395997,2207.105364480316,3131,0,1,0,0,0,0
2426,-31.2040395713108,1552.1479139385463,1508,1,0,0,0,0,0
6234,13.633461661854348,4968.0060812238,3879,0,0,0,0,0,1
7326,61.16557466557467,3125.2100209667883,4482,0,0,0,1,0,0
1048,39.38167938931298,306.01565239654565,610,0,1,0,0,0,0
2074,53.11957569913211,903.7496550107915,1198,0,0,0,0,0,1
5625,36.76462222222222,865.7062748848939,2537,0,0,1,0,0,0
2362,24.78662150719729,344.8520283349901,1013,0,0,0,0,0,1
8403,27.546709508508865,667.7387384146176,2244,0,0,0,0,0,1
9340,78.32933618843683,3019.1421877738585,5789,0,0,0,0,0,1
4340,96.72857142857143,1561.7209831117425,2569,0,0,0,0,0,1
2662,70.51728024042073,206.86949386636923,694,0,1,0,0,0,0
2062,74.37730358874879,1440.1994134034046,1243,0,0,1,0,0,0
3718,120.0346960731576,2125.302310712883,1978,0,0,0,1,0,0
7187,88.82510087658272,1832.3621456628568,4303,0,1,0,0,0,0
3738,29.994917067950777,433.60331145225433,1382,0,0,0,0,1,0
9534,68.34172435494021,4592.893029610136,5086,0,0,0,0,0,1
7632,40.56105870020964,2570.91399105775,4193,0,0,1,0,0,0
6219,63.641421450393956,3039.838348785249,3747,1,0,0,0,0,0
4923,95.96039000609385,550.341834804796,1755,1,0,0,0,0,0
8400,60.640119047619045,1602.3067973973336,4217,0,0,0,0,0,1
1705,64.34897360703812,739.1775398388214,941,0,0,0,1,0,0
9170,2.63587786259542,1755.2967726905003,4622,0,0,1,0,0,0
5172,64.93928847641145,370.2098548229113,1239,0,0,1,0,0,0
2314,96.1391529818496,809.4300205481247,1229,0,0,0,0,1,0
6375,22.950901960784314,1441.362124812597,3419,0,0,0,0,1,0
1999,88.5927963981991,1278.5252859140076,1156,0,0,0,1,0,0
7286,88.34079055723305,1476.3141323413115,3743,0,1,0,0,0,0
1974,19.691995947315096,706.6116613000925,1180,0,0,0,0,0,1
9908,7.023718207509083,3233.9138590478638,6175,0,0,1,0,0,0
1615,25.739318885448917,297.5782283944791,818,0,0,0,0,0,1
1989,84.09150326797386,488.12819722517287,1175,0,1,0,0,0,0
5236,-3.561115355233002,3551.5766737126155,2963,0,1,0,0,0,0
5807,38.59032202514207,1659.398641667409,3246,0,0,1,0,0,0
2066,46.320425943852854,252.42091136569468,779,0,0,0,0,0,1
2968,75.83355795148248,777.110680250271,1690,0,0,0,0,0,1
9625,39.48696103896104,4040.520939110256,5618,0,1,0,0,0,0
6634,62.09602050045221,4806.805544029423,4123,0,0,1,0,0,0
4745,53.14920969441518,2289.5988166196908,2541,0,0,1,0,0,0
3680,32.935597826086955,2381.7890687177214,2104,0,1,0,0,0,0
3072,60.884440104166664,404.2333399055834,1231,0,1,0,0,0,0
1831,25.85800109229929,696.698176424677,1160,0,0,1,0,0,0
4024,88.09493041749504,2517.147877916265,2510,0,1,0,0,0,0
3456,50.10011574074074,2367.2731136492193,2091,0,0,0,0,0,1
7025,11.919572953736655,3539.7867715012426,3818,1,0,0,0,0,0
3292,52.09690157958688,732.4357216142564,1765,0,0,1,0,0,0
9643,-1.9334232085450587,4526.003257924742,5513,0,0,1,0,0,0
1816,54.870044052863435,113.26390018456932,383,0,0,0,0,1,0
2541,77.94490358126721,143.52442935173235,494,0,0,0,1,0,0
4935,20.784599797365754,1617.1367529734598,3029,0,0,0,0,0,1
6601,-10.020451446750492,3591.8535064239773,4023,0,0,0,0,0,1
5427,30.217247097844112,1055.1789357673574,2785,0,0,0,0,1,0
5999,78.72978829804967,449.3747691088777,1533,0,0,1,0,0,0
3875,65.90167741935484,136.7426662906755,476,0,1,0,0,0,0
3115,26.246227929373998,2034.077828857622,1973,0,0,1,0,0,0
6547,11.782495799602872,3775.768834647452,3778,0,0,0,0,1,0
4028,32.88604766633565,2383.762519407386,2435,1,0,0,0,0,0
5231,75.27432613267062,3126.4340454937483,3037,1,0,0,0,0,0
4173,63.52983465132998,1784.6179461956103,2354,0,0,0,0,0,1
5875,-8.263829787234043,2983.051777899251,3585,0,0,1,0,0,0
1918,93.51303441084463,939.2680506084043,1179,0,1,0,0,0,0
1596,81.93671679197995,49.0770493426198,169,0,0,0,0,1,0
7456,51.839860515021456,1055.5292893039593,3143,0,0,1,0,0,0
5687,74.44082996307368,2090.3245876254878,3393,1,0,0,0,0,0
1812,69.40728476821192,1322.9714279758766,1124,1,0,0,0,0,0
6851,49.77346372792293,1088.550413077983,3011,0,1,0,0,0,0
6922,83.52976018491765,4125.271232996879,3914,0,0,0,1,0,0
3676,-0.044069640914037,1798.85944405683,2292,0,0,1,0,0,0
2290,-5.454585152838428,1290.116012822146,1415,0,0,0,1,0,0
9289,-52.16288082678437,3020.6231981097367,5229,0,0,0,0,0,1
8040,62.749626865671644,2645.5180290755984,4816,0,0,0,1,0,0
2228,116.6624775583483,1268.194223670465,1295,0,1,0,0,0,0
4278,54.42940626460963,2594.181872788133,2300,0,0,0,0,1,0
1822,33.98133918770582,684.6471281629895,1101,0,0,1,0,0,0
8975,40.09548746518106,6723.497022502976,5438,0,0,1,0,0,0
6080,29.451644736842105,4092.7421871918177,3668,1,0,0,0,0,0
1696,29.59139150943396,230.96987346725288,705,0,0,0,0,1,0
3991,68.33550488599349,1547.991670007681,2356,0,1,0,0,0,0
5083,28.907928388746804,353.78434387821596,1205,1,0,0,0,0,0
6602,78.21493486822175,1283.8495307833907,3315,0,0,0,1,0,0
5128,26.305577223088925,457.5064448367679,1505,0,0,1,0,0,0
9253,86.93937101480601,1927.8355734246031,4838,1,0,0,0,0,0
9047,79.01083232010612,1509.5317589961385,4189,0,1,0,0,0,0
2199,100.75898135516144,1449.7465181614962,1288,0,0,0,0,0,1
7234,129.91415537738456,4388.6466811813,3914,1,0,0,0,0,0
8227,-27.490579798225355,3172.5310420606143,5188,0,0,0,0,1,0
7985,150.50432060112712,4953.281843250254,4635,0,0,0,0,1,0
5842,77.0044505306402,1963.2025849546953,3229,0,0,1,0,0,0
8806,89.75017033840564,605.2508504014972,2064,0,0,1,0,0,0
8467,135.8423290421637,3991.7853871278994,5152,0,0,1,0,0,0
5080,93.50649606299213,1956.5819023258346,3109,0,1,0,0,0,0
1981,76.6108026249369,1170.5110243032996,1174,0,0,0,0,1,0
4659,37.56192315947628,104.7439348291229,369,0,1,0,0,0,0
2859,44.24728926197972,2269.9663818358063,1814,1,0,0,0,0,0
1517,27.99340804218853,1047.3823414770857,880,0,0,1,0,0,0
4255,89.99553466509988,896.536417314506,2285,0,0,0,0,1,0
1893,40.9852086634971,569.1962320212567,1199,0,1,0,0,0,0
6842,97.10669394913768,2313.57986212794,3900,0,1,0,0,0,0
2339,121.1098760153912,611.415922262842,1414,0,0,0,0,0,1
2573,-18.14224640497474,1424.419135120762,1483,1,0,0,0,0,0
3456,51.42332175925926,1423.7310917272978,1829,0,1,0,0,0,0
1786,24.851623740201568,443.1661255405142,963,0,0,0,0,1,0
7459,29.999463735085133,1449.8765775376255,3820,0,0,1,0,0,0
7127,72.97811140732426,1286.095677999247,3444,0,0,0,0,0,1
8674,65.58012451002998,4293.5686452699865,5152,1,0,0,0,0,0
1288,40.83540372670807,1019.1775293157243,811,0,0,1,0,0,0
7145,63.95227431770469,473.15481582422325,1612,0,0,0,0,0,1
6942,34.66565831172573,3664.472704471139,4227,0,0,1,0,0,0
2996,-0.21795727636849133,335.4018486702502,1057,0,0,0,0,0,1
3577,44.00391389432485,1911.7386223620365,2015,0,0,1,0,0,0
4226,48.98840511121628,1730.3146627404556,2361,0,0,0,0,0,1
6508,92.29471419791027,1383.5733419273572,3470,0,0,0,1,0,0
1025,78.10341463414635,343.3294216120107,595,1,0,0,0,0,0
5304,10.673831070889895,3079.101480186718,2877,0,1,0,0,0,0
9340,96.59057815845824,2214.9762600506324,5358,0,0,0,0,1,0
3899,89.73352141574763,1422.752006013424,2102,0,0,1,0,0,0
5520,55.6875,3193.968063145666,3288,0,1,0,0,0,0
4610,108.85032537960954,3378.961909498309,2703,0,0,0,0,0,1
6515,42.54351496546431,2351.0919434468806,3757,0,1,0,0,0,0
2645,25.907750472589793,1014.1751580596787,1460,0,0,0,1,0,0
4889,33.812026999386376,906.3203080410387,2382,1,0,0,0,0,0
8555,44.49924021040327,5435.795135592969,5400,0,0,0,0,0,1
9407,54.138513872648026,4520.924199376796,5703,0,0,0,1,0,0
9397,5.486325423007343,5180.954240744045,5096,0,0,0,1,0,0
8618,52.93792063123695,1850.7144117371279,4609,0,0,0,0,1,0
3732,31.126741693461952,1958.643872738829,2036,0,0,0,0,1,0
7155,92.42948986722571,4889.100882918164,4349,1,0,0,0,0,0
7738,70.0112432153011,1889.2047172523494,4546,1,0,0,0,0,0
4637,-19.33038602544749,2829.305252256862,2502,0,0,0,1,0,0
6561,20.206218564243255,749.3892429583643,2391,0,0,0,1,0,0
5406,144.86829448760636,3359.6609047876073,3100,0,0,0,0,0,1
4845,18.765737874097006,1859.293103412924,3022,0,1,0,0,0,0
9423,96.42863207046588,3783.703190329735,5049,0,0,0,1,0,0
9978,44.006814992984566,3557.164718281433,6154,0,0,0,0,1,0
1804,32.51884700665188,1026.6918518892119,1007,0,0,1,0,0,0
7855,66.45881604073838,1813.4334402083293,4357,0,0,0,0,0,1
